,0,1,2,3,4,5,6,7,8,9,10
0,title,location,price,guests,bedrooms,beds,bathrooms,amenity_1,amenity_2,amenity_3,amenity_4
0, 5 Glamorous Apt. for Healthcare & Grad students, Baltimore,38,2  , 1  , 1  , 1 bath,Wifi , Free parking , Kitchen , Heating
1, Cozy Cute & Clean Mstr Bedroom near Hopkins & UMD, Baltimore,26,1  , 1  , 1  , 1.5 baths,Wifi , Kitchen , Heating,None
2, Braddish Cozy Room2  Shared Living Space, Baltimore,17,1  , 1  , 1  , 1.5 shared baths,Wifi , Kitchen , Heating,None
3, Luxury Apartment by the Train Station, Baltimore,60,3  , 1  , 1  , 1 bath,Kitchen , Heating,None,None
4, Spacious  Private  Well Appointed Long Term Stay, Baltimore,20,2  , 1  , 1  , 1 private bath,Wifi , Kitchen , Heating,None
5, Historic Loft in Downtown Baltimore, Baltimore,41,4  , Studio , 1  , 1 bath,Wifi , Kitchen , Heating,None
6, Charming Colonial Twin BdRm in Historic District, Baltimore,19,1  , 1  , 0  , 1.5 shared baths,Wifi , Free parking , Kitchen , Heating
7, Cozy Catonsville Suite, Catonsville,49,2  , 1  , 1  , 1 bath,Wifi , Free parking , Kitchen , Heating
8, Private studio near bayview for professionals, Baltimore,60,2  , Studio , 1  , 1 bath,Wifi , Kitchen , Heating,None
9, Cozy Private Condo in Mt. Vernon w  Rooftop, Baltimore,58,2  , 1  , 1  , 1 bath,Kitchen , Heating,None,None
10, Private 2 bedroom apt., Baltimore,60,4  , 2  , 2  , 1 bath,Wifi , Free parking , Kitchen , Heating
11, Beautiful  Quiet  Well Appointed Long Term Stay, Baltimore,20,1  , 1  , 1  , 1 private bath,Wifi , Kitchen , Heating,None
12, Luxe Private Getaway in the Heart of Baltimore!, Baltimore,198,8  , 4  , 5  , 3.5 baths,Wifi , Free parking , Kitchen , Heating
13, Downtown Modern Studio Apartment   Free Parking, Baltimore,50,4  , Studio , 1  , 1 bath,Wifi , Free parking , Kitchen , Heating
14, Clean and bright spare bedroom for rent, Catonsville,20,1  , 1  , 1  , 1 shared bath,Wifi , Free parking , Kitchen , Heating
15,  FEEL THE CHARM IN THE CITY! CLOSE TO EVERYTHING! , Baltimore,50,3  , 1  , 2  , 1 bath,Wifi , Kitchen , Heating,None
16, 4 Blocks from Johns Hopkins 2 Beds   2.5 Baths, Baltimore,84,4  , 2  , 2  , 2.5 baths,Wifi , Free parking , Kitchen , Heating
17, Destination: Baltimore   Reserved thru July 2021, Baltimore,85,2  , 2  , 2  , 2.5 baths,Wifi , Free parking , Kitchen , Heating
18, Awesome studio tucked away & Centrally located !, Baltimore,60,3  , Studio , 1  , 1 bath,Wifi , Free parking , Kitchen , Heating
19, 2 Bed 2 Bath in Riverside, Baltimore,48,3  , 2  , 2  , 2 baths,Wifi , Free parking , Kitchen , Heating
0, Spacious  Private  Well Appointed Long Term Stay, Baltimore,20,2  , 1  , 1  , 1 private bath,Wifi , Air conditioning , Washer , Dryer
1, Federal hill  Durst st. efficiency  studio, Baltimore,56,4  , 2  , 0  , 1 bath,Wifi , Air conditioning , Pets allowed , Washer
2, Industrial studio close to everything, Baltimore,50,2  , Studio , 1  , 1 bath,Self check-in , Wifi , Air conditioning , Breakfast
3, Lovely  convenient condo in perfect location, Baltimore,55,2  , 1  , 1  , 1 bath,Self check-in , Wifi , Air conditioning , Elevator
4, Braddish Furnished Basement Bedroom W Private Bath, Baltimore,25,1  , 1  , 1  , 2.5 shared baths,Wifi , Air conditioning , Washer , Dryer
5, gm, Baltimore,60,2  , 1  , 1  , 1 bath,Self check-in , Wifi , Air conditioning , Kitchen
6, Industrial Chic Apt in Fed Hill (free parking), Baltimore,82,6  , 2  , 3  , 1.5 baths,Self check-in , Wifi , Air conditioning , Elevator
7, Entire lovely Studio Besides JHU Homewood campus, Baltimore,56,2  , Studio , 1  , 1 bath,Self check-in , Wifi , Air conditioning , Washer
8, 5 Glamorous Apt. for Healthcare & Grad students, Baltimore,38,2  , 1  , 1  , 1 bath,Wifi , Air conditioning , Washer , Dryer
9, Cozy room with Private bath and & Private deck., Baltimore,44,2  , 1  , 1  , 1 private bath,Self check-in , Wifi , Air conditioning , Indoor fireplace
10, Perfect for Tourists  Parents and Business Travel, Baltimore,49,2  , 1  , 1  , 1 bath,Self check-in , Wifi , Air conditioning , Kitchen
11, Beautiful Bungalow In Charming Beverly Hills, Baltimore,43,4  , 1  , 1  , 1 bath,Self check-in , Wifi , Air conditioning , Washer
12, Convenient Private Suite Near Hopkins   3 Min Walk, Baltimore,38,1  , 1  , 1  , 1 private bath,Self check-in , Wifi , Air conditioning , Washer
13, Family suite few blocks from stadium, Baltimore,31,2  , 1  , 4  , 1 private bath,Self check-in , Wifi , Air conditioning , Indoor fireplace
14, Charming Studio near Loyola and Morgan State, Baltimore,45,2  , Studio , 1  , 1 bath,Wifi , Air conditioning , Pets allowed , Washer
15, Entire Comfy Studio @Charles Village  5min frm JHU, Baltimore,58,2  , Studio , 1  , 1 bath,Self check-in , Wifi , Air conditioning , Washer
16, Private studio near bayview for professionals, Baltimore,60,2  , Studio , 1  , 1 bath,Wifi , Air conditioning , Washer , Dryer
17, Charm City Treasure, Baltimore,40,2  , Studio , 1  , 1 bath,Self check-in , Wifi , Kitchen , Free parking
18, Cozy Federal hill Studio.  Great location!!, Baltimore,56,2  , Studio , 1  , 1 bath,Self check-in , Wifi , Air conditioning , Pets allowed
19, NEW! Sojourner's Room on Patterson Park, Baltimore,45,1  , 1  , 0  , 1 shared bath,Self check-in , Wifi , Air conditioning , Breakfast
0, Private Suite W  Private Bath and Private Entrance, Baltimore,29,2  , 1  , 1  , 1 bath,Wifi , Free parking , Heating,None
1, Beautiful Rowhome   Clean and Cozy (near JHH), Baltimore,35,2  , 1  , 1  , 1.5 shared baths,Wifi , Free parking , Kitchen , Heating
2, Relaxing Master Suite in Colorful Home, Baltimore,33,2  , 1  , 1  , 1 private bath,Wifi , Kitchen , Heating,None
3, Cozy private room in a safe quiet neighborhood, Baltimore,26,2  , 1  , 1  , 1 shared bath,Wifi , Free parking , Kitchen , Heating
4, 5 Blocks from Johns Hopkins, Baltimore,71,5  , 2  , 2  , 2 baths,Wifi , Free parking , Kitchen , Heating
5, Perfect for Tourists  Parents and Business Travel, Baltimore,49,2  , 1  , 1  , 1 bath,Wifi , Free parking , Kitchen , Heating
6, Destination: Baltimore   Reserved thru July 2021, Baltimore,85,2  , 2  , 2  , 2.5 baths,Wifi , Free parking , Kitchen , Heating
7, Cozy Room near John Hopkins and Fells waterfront, Baltimore,49,2  , 1  , 1  , 1 bath,Wifi , Heating,None,None
8, A room One block from Johns Hopkins university (5), Baltimore,29,2  , 1  , 1  , 2.5 shared baths,Wifi , Kitchen , Heating,None
9, Spacious private room by John Hopkins Fells water, Baltimore,40,2  , 1  , 1  , 1.5 shared baths,Wifi , Kitchen , Heating,None
10, Cozy and Luxury room near BWI and Fort Meade,t,35,2  , 1  , 1  , 1 shared bath,Wifi , Free parking , Kitchen , Heating
11, BALTIMORE   Inner Harbor  Johns Hopkins  Medstar,t,20,2  , 1  , 1  , 1.5 shared baths,Wifi , Free parking , Heating,None
12, Victoria‚Äôs Inn,t,30,1  , 1  , 1  , 1 shared bath,Wifi , Free parking , Kitchen , Heating
13, Unique Abode, Hanover,45,1  , 1  , 1  , 1 bath,Wifi , Free parking , Kitchen , Heating
14, The 'Local' Apartment  Rated Best Stay!!!  #4, Baltimore,45,2  , 1  , 1  , 1 bath,Wifi , Kitchen , Heating,None
15, small cozy bedroom  Johns Hopkins hos  fells point, Nottingham,31,1  , 1  , 1  , 1.5 shared baths,Wifi , Kitchen , Heating,None
16,  Ô∏èÔ∏èMore Than A Hotel   Almost Downtown 309  Ô∏èÔ∏è, Glen Burnie,33,2  , 1  , 1  , 1 private bath,Wifi , Free parking , Heating,None
17, 1 GLAMOROUS GRAD AND MED STUDENT HOUSING, Baltimore,23,1  , 1  , 1  , 1.5 shared baths,Wifi , Kitchen , Heating,None
18, Cheerful Room in Historic Woodberry, Baltimore,32,2  , 1  , 1  , 2 shared baths,Wifi , Kitchen , Heating,None
19, Chic  Downtown Condo Baltimore w  Parking View, Baltimore,59,2  , 1  , 1  , 1 bath,Wifi , Kitchen , Heating,None
0, 1200 sqft  2BR LOFT near JHU. FREE Parking., Baltimore,61,6  , 2  , 4  , 1.5 baths,Self check-in , Wifi , Air conditioning , Washer
1, Little bedroom next fells point, Baltimore,31,2  , 1  , 1  , 1.5 baths,Self check-in , Wifi , Air conditioning , Washer
2, Sunny & separate apartment in Baltimore townhouse, Baltimore,50,5  , 1  , 2  , 1 bath,Self check-in , Wifi , Air conditioning , Breakfast
3, Industrial Chic Apt in Fed Hill   Free Parking, Baltimore,88,6  , 2  , 2  , 1.5 baths,Self check-in , Wifi , Air conditioning , Elevator
4, Efficiency unit, Baltimore,38,2  , 1  , 1  , 1 bath,Wifi , Air conditioning , Washer , Dryer
5, Stylish Harbor Loft   UMMC   JHHS   Mercy, Baltimore,73,4  , 1  , 2  , 1 bath,Wifi , Air conditioning , Elevator , Washer
6, Fed Hill apartment two bedrooms great location, Baltimore,75,5  , 2  , 2  , 1.5 baths,Wifi , Air conditioning , Pets allowed , Dishwasher
7, Private 2 bedroom apt., Baltimore,60,4  , 2  , 2  , 1 bath,Wifi , Air conditioning , Pets allowed , Washer
8, Mid town Baltimore  Historic Art District, Baltimore,40,2  , 1  , 1  , 1 private bath,Self check-in , Air conditioning , Washer , Dryer
9, Historic Bank in Fells Point. Hopkins. Harbor., Baltimore,101,4  , 1  , 2  , 1 bath,Self check-in , Wifi , Air conditioning , Washer
10, Affordable Furnished LuxuryTownhouse near Stadiums, Baltimore,109,5  , 2  , 2  , 1.5 baths,Self check-in , Wifi , Air conditioning , Pets allowed
11, Studio Apt. close to Hopkins Univ & Union Memorial, Baltimore,57,2  , 1  , 2  , 1 bath,Self check-in , Wifi , Air conditioning , Washer
12, Cozy 1 BR apt near Baltimore City Attractions, Baltimore,52,2  , 1  , 2  , 1 bath,Self check-in , Wifi , Air conditioning , Kitchen
13, Luxury Apt#2 UMMC  BAYVIEW  MERCY  HOPKINS  CASINO, Baltimore,49,4  , 1  , 2  , 1 bath,Self check-in , Wifi , Air conditioning , Kitchen
14, 0.5 Mile to Live Casino Mall  Walmart Close to BWI, Hanover,29,1  , 1  , 1  , 1 shared bath,Wifi , Air conditioning , Washer , Dryer
15, Notel 9 Getaway Suite with Sauna, Baltimore,50,2  , 1  , 1  , 1 bath,Wifi , Air conditioning,None,None
16, Cozy Townhome close to JHU  MSU  and Loyola, Baltimore,25,2  , 1  , 1  , 1 shared bath,Wifi , Air conditioning , Kitchen , Free parking
17, Private  Separate Entrance Basement Studio Apt., Baltimore,45,2  , 1  , 1  , 1 bath,Self check-in , Wifi , Air conditioning,None
18, SPACIOUS STUDIO APARTMENT   BALTIMORE INNER HARBOR, Baltimore,75,4  , Studio , 1  , 1 bath,Air conditioning , Gym , Washer , Dryer
19, Luxury Apartment by the Train Station, Baltimore,60,3  , 1  , 1  , 1 bath,Air conditioning , Elevator , Gym , Washer
0, Private suite close to John Hopkins  travel nurses, Baltimore,80,2  , 1  , 1  , 1 private bath,Wifi , Kitchen , Heating,None
1, Fell's Point 2BR Hideaway, Baltimore,125,4  , 2  , 3  , 1 bath,Wifi , Kitchen , Heating,None
2, Historic Rowhome Near JHMI (Room 3), Baltimore,35,2  , 1  , 1  , 2 shared baths,Wifi , Free parking , Kitchen , Heating
3, Modern Townhouse Close to UMB, Baltimore,70,3  , 2  , 2  , 2 baths,Wifi , Kitchen , Heating,None
4, Entire private Guest house long term discounts, Owings Mills,62,2  , Studio , 1  , 1 bath,Wifi , Free parking , Kitchen , Heating
5, Private Suite W  Private Bath and Private Entrance, Baltimore,29,2  , 1  , 1  , 1 bath,Wifi , Free parking , Heating,None
6, 1654 Ralworth Apt B, Baltimore,55,4  , 2  , 0  , 1 bath,Free parking , Kitchen,None,None
7, Charming Studio near Hopkins, Baltimore,48,2  , Studio , 1  , 1 bath,Wifi , Kitchen , Heating,None
8, Charm City Treasure, Baltimore,40,2  , Studio , 1  , 1 bath,Wifi , Free parking , Kitchen , Heating
9, Relaxing Home in Catonsville; Bedroom #2 of 3., Catonsville,34,1  , 3  , 3  , 2.5 shared baths,Wifi , Free parking , Kitchen , Heating
10, Cozy private room in a safe quiet neighborhood, Baltimore,26,2  , 1  , 1  , 1 shared bath,Wifi , Free parking , Kitchen , Heating
11, Federal Hill  Studio, Baltimore,65,3  , Studio , 0  , 1 bath,Wifi , Free parking , Kitchen , Heating
12, Charming House near Farmer‚Äôs Market Patio View, Baltimore,31,2  , 1  , 1  , 1 shared bath,Wifi , Free parking , Kitchen , Heating
13, Efficiency Loft Apartment in Convenient Location, Woodlawn,28,1  , 1  , 0  , 1 bath,Wifi , Kitchen , Heating,None
14, Victoria‚Äôs Inn, Nottingham,30,1  , 1  , 1  , 1 shared bath,Wifi , Free parking , Kitchen , Heating
15, Exquisite! Roof Deck! PRIVATE Parking! Sleeps 9, Baltimore,151,9  , 3  , 3  , 3 baths,Wifi , Free parking , Kitchen , Heating
16, Industrial Chic Apt in Fed Hill   Free Parking, Baltimore,88,6  , 2  , 2  , 1.5 baths,Wifi , Free parking , Kitchen , Heating
17, Cozy and Luxury room near BWI and Fort Meade, Hanover,35,2  , 1  , 1  , 1 shared bath,Wifi , Free parking , Kitchen , Heating
18, Federal hill  Durst st. efficiency  studio, Baltimore,56,4  , 2  , 0  , 1 bath,Wifi , Kitchen , Heating,None
19, The Spot Close To EVERYTHING!, Garrison,34,2  , 1  , 1  , 1 shared bath,Wifi , Free parking , Kitchen , Heating
0, Private bedrooms in Baltimore near JH, Baltimore,27,2  , 1  , 1  , 1.5 shared baths,Wifi , Heating,None,None
1, Basement BR with office   WOMEN only, Owings Mills,22,1  , Studio , 1  , 1.5 shared baths,Wifi , Kitchen , Heating,None
2, Fairmount Room with Deck, Baltimore,26,1  , 1  , 0  , 1 shared bath,Wifi , Kitchen , Heating,None
3, Kay's Colonial style home 1person per room, Baltimore,32,1  , 1  , 1  , 1 shared bath,Wifi , Free parking , Kitchen , Heating
4, Semi detached beautiful home in Baltimore City, Baltimore,50,2  , 2  , 1  , 1 shared bath,Wifi , Free parking , Kitchen , Heating
5, Basic Crash Pad 4  $200 Weekly, Baltimore,22,2  , 1  , 1  , 2 shared baths,Wifi , Kitchen , Heating,None
6, Near Harbor  Stadium  Johns Hopkins BALTIMORE, Baltimore,22,2  , 1  , 1  , 1.5 shared baths,Wifi , Kitchen , Heating,None
7, 3Comfortable Living 4 Grad Students, Baltimore,16,1  , 1  , 0  , 1 shared bath,Wifi , Free parking , Kitchen , Heating
8, Fun and Cozy, Severn,52,2  , 1  , 1  , 1 bath,Wifi , Heating,None,None
9, Efficiency unit, Baltimore,38,2  , 1  , 1  , 1 bath,Wifi , Free parking , Kitchen , Heating
10, Brand new studio apartment in Upper Fells, Baltimore,31,2  , Studio , 1  , 1 bath,Wifi , Kitchen , Heating,None
11, Charming Art Filled House   Skylight Room, Baltimore,35,1  , 1  , 1  , 1 shared bath,Wifi , Free parking , Kitchen , Heating
12, Quiet Retreat: private bed bath  and seating area, Baltimore,36,2  , 1  , 1  , 1 shared bath,Wifi , Free parking , Kitchen , Heating
13, Private room close to major hospitals colleges, Baltimore,35,2  , 1  , 1  , 1 shared bath,Wifi , Kitchen , Heating,None
14, BLUE Private Bedroom with Shared Bathroom, Catonsville,24,2  , 1  , 1  , 2.5 shared baths,Wifi , Free parking , Kitchen , Heating
15, (6) nice bedroom next to Johns Hopkins university, Baltimore,42,2  , 1  , 1  , 2.5 shared baths,Wifi , Free parking , Kitchen , Heating
16, Colorful  Comfortable & Convenient, Baltimore,35,2  , 1  , 1  , 1 private bath,Wifi , Kitchen , Heating,None
17, Beautiful Bungalow In Charming Beverly Hills, Baltimore,43,4  , 1  , 1  , 1 bath,Wifi , Free parking , Heating,None
18, Cozy private bedrooms near JH, Baltimore,27,1  , 1  , 1  , 1.5 baths,Wifi , Heating,None,None
19, Your Sweet Studio Away From Home @ Charles Village, Baltimore,54,3  , Studio , 2  , 1 bath,Wifi , Heating,None,None
0, Entire Gorgeous Guest Unit (w Private Bath), Baltimore,62,2  , Studio , 1  , 1 bath,Self check-in , Wifi , Air conditioning,None
1, BALTIMORE   Inner Harbor  Johns Hopkins  Medstar, Baltimore,20,2  , 1  , 1  , 1.5 shared baths,Self check-in , Wifi , Air conditioning , Pets allowed
2, Lovely  convenient condo in perfect location, Baltimore,55,2  , 1  , 1  , 1 bath,Self check-in , Wifi , Air conditioning , Elevator
3, Ralworth Apt A, Baltimore,52,2  , 2  , 1  , 1 bath,Kitchen , Free parking,None,None
4, 1 luxury living for grad students, Baltimore,18,1  , 1  , 1  , 1 shared bath,Self check-in , Wifi , Air conditioning , Washer
5, master suite with balcony in fells point, Baltimore ,45,2  , 1  , 1  , 1 shared bath,Self check-in , Wifi , Air conditioning , Washer
6, Spacious living space, Baltimore,32,4  , 1  , 1  , 1 private bath,Self check-in , Wifi , Pets allowed , Washer
7,  BEAUTIFUL water views Smart TV Gym Full Kitchen , Baltimore,164,2  , 1  , 1  , 1 bath,Wifi , Air conditioning , Elevator , Gym
8, A Living Canvas, Baltimore,42,2  , 1  , 1  , 1 shared bath,Wifi , Air conditioning , Pets allowed , Washer
9, 1 room with a queen size bed, Columbia,28,1  , 2  , 1  , 1 private bath,Wifi , Air conditioning , Pets allowed , Washer
10, Chic Private1BR Apt #5 UMMC  UB  MICA  HOPKINS, Baltimore,44,4  , 1  , 3  , 1 bath,Self check-in , Wifi , Air conditioning , Indoor fireplace
11, A place to call home   1BR in Towson, Towson,119,3  , 1  , 1  , 1 bath,Wifi , Elevator , Gym , Pool
12, All inclusive apartment home   1BR in Towson, Towson,125,3  , 1  , 1  , 1 bath,Wifi , Elevator , Gym , Pool
13, Great Location & Value In Baltimore City 21218, Baltimore,40,2  , 1  , 1  , 1 bath,Wifi , Air conditioning , Washer , Dishwasher
14, A room One block from Johns Hopkins university (5), Baltimore,29,2  , 1  , 1  , 2.5 shared baths,Self check-in , Wifi , Air conditioning , Washer
15, Cozy room with Private bath and & Private deck., Baltimore,44,2  , 1  , 1  , 1 private bath,Self check-in , Wifi , Air conditioning , Indoor fireplace
16, 1200 sqft  2BR LOFT near JHU. FREE Parking., Baltimore,61,6  , 2  , 4  , 1.5 baths,Self check-in , Wifi , Air conditioning , Washer
17, Room near John's Hopkins, Baltimore,41,1  , 1  , 1  , 1 private bath,Wifi , Air conditioning , Washer , Dishwasher
18, Modern Apartment with Private Entry in Upper Fells, Baltimore,71,3  , 1  , 1  , 1 bath,Self check-in , Wifi , Air conditioning , Washer
19, Updated 2 bedroom Townhouse near Town Center, Owings Mills,65,6  , 2  , 3  , 2 baths,Self check-in , Wifi , Air conditioning , Breakfast
0, A place to call home   1BR in Towson, Towson,119,3  , 1  , 1  , 1 bath,Wifi , Kitchen,None,None
1, Private Bedroom  Full Bath in Canton Square, Baltimore,43,2  , 1  , 1  , 1 private bath,Wifi , Free parking , Heating,None
2, 1200 sqft  2BR LOFT near JHU. FREE Parking., Baltimore,61,6  , 2  , 4  , 1.5 baths,Wifi , Free parking , Kitchen , Heating
3, NEW! Sojourner's Room on Patterson Park, Baltimore,45,1  , 1  , 0  , 1 shared bath,Wifi , Heating,None,None
4, Madison House, Baltimore,100,6  , 3  , 4  , 1 bath,Wifi , Kitchen , Heating,None
5, 2  Bedroom House 4 Blocks from Hopkins; Ready 4 U!, Baltimore,84,4  , 2  , 2  , 2.5 baths,Wifi , Free parking , Kitchen , Heating
6, Private  Separate Entrance Basement Studio Apt., Baltimore,45,2  , 1  , 1  , 1 bath,Wifi , Heating,None,None
7, SPACIOUS STUDIO APARTMENT   BALTIMORE INNER HARBOR, Baltimore,75,4  , Studio , 1  , 1 bath,Kitchen , Heating,None,None
8, 6212 Hamilton Rm2 student Professional TVlinternet, Baltimore,22,1  , 1  , 1  , 1 bath,Wifi , Free parking , Kitchen , Heating
9, An Efficiency Studio, Baltimore,48,2  , Studio , 2  , 1 bath,Wifi , Kitchen , Heating,None
10, master suite with balcony in fells point,t,45,2  , 1  , 1  , 1 shared bath,Wifi , Kitchen , Heating,None
11, Quiet Retreat: private bed bath  and seating area,t,36,2  , 1  , 1  , 1 shared bath,Wifi , Free parking , Kitchen , Heating
12, Cloudbunks  a Hostel in Baltimore,t,27,16  , 1  , 24  , 3 shared baths,Wifi , Kitchen , Heating,None
13, South Facing Studio Overlooking Union Square Park, Baltimore ,72,2  , Studio , 2  , 1 bath,Wifi , Kitchen , Heating,None
14, Private Bedroom   Walk to UM Medical Center, Baltimore,30,2  , 1  , 1  , 1.5 shared baths,Wifi , Free parking , Kitchen , Heating
15, Private basement apartment, Baltimore,42,4  , 1  , 1  , 1 bath,Wifi , Free parking , Heating,None
16, Third floor private room, Baltimore,75,2  , 1  , 1  , 1 shared bath,Wifi , Kitchen , Heating,None
17, A place to call home   1BR in Towson, Baltimore,118,3  , 1  , 1  , 1 bath,Wifi , Kitchen,None,None
18, Cozy room with Private bath and & Private deck., Laurel,44,2  , 1  , 1  , 1 private bath,Wifi , Free parking , Kitchen , Heating
19, Fairmount Room with Deck, Baltimore,26,1  , 1  , 0  , 1 shared bath,Wifi , Kitchen , Heating,None
0,   Private Room   Parking   Walk2 InnerHarbor  UMMC, Baltimore,40,2  , 1  , 1  , 1 shared bath,Wifi , Air conditioning , Kitchen , Self check-in
1, 3Beautiful House for Grad students, Baltimore,18,1  , 1  , 1  , 1.5 shared baths,Wifi , Air conditioning , Kitchen , Indoor fireplace
2, Entire Comfy Studio @Charles Village  5min frm JHU, Baltimore,58,2  , Studio , 1  , 1 bath,Wifi , Air conditioning , Kitchen , Washer
3, Entire Cozy Studio @ JHU (w  Private Bath), Baltimore,50,2  , Studio , 1  , 1 bath,Wifi , Air conditioning , Self check-in,None
4, Private Suite with Bed & Bath @JHU!, Baltimore,43,4  , 1  , 2  , 1.5 baths,Wifi , Air conditioning , Kitchen , Washer
5, Colorful  Comfortable & Convenient, Baltimore,35,2  , 1  , 1  , 1 private bath,Wifi , Air conditioning , Kitchen , Pets allowed
6, En suite  private bathroom next central Baltimore, Baltimore,38,2  , 1  , 1  , 1 shared bath,Wifi , Air conditioning , Kitchen , Washer
7, Stunning Suite Across from John Hopkins & Krieger, Baltimore,79,4  , 1  , 2  , 1 bath,Wifi , Air conditioning , Kitchen , Washer
8, Basement Suite by the University Hospital & Campus, Baltimore,41,2  , 1  , 1  , 3 baths,Wifi , Air conditioning , Kitchen , Washer
9, City Living at its Finest! 7 minutes from downtown, Baltimore,65,4  , 1  , 1  , 1 bath,Wifi , Air conditioning , Kitchen , Free parking
10, Private bedrooms in Baltimore near JH, Baltimore,27,2  , 1  , 1  , 1.5 shared baths,Wifi , Air conditioning,None,None
11, All inclusive apartment home   1BR in Towson, Towson,125,3  , 1  , 1  , 1 bath,Wifi , Pool , Kitchen , Pets allowed
12, All inclusive apartment home   1BR in Towson, Towson,125,3  , 1  , 1  , 1 bath,Wifi , Pool , Kitchen , Pets allowed
13, All inclusive apartment home   1BR in Towson, Towson,125,3  , 1  , 1  , 1 bath,Wifi , Pool , Kitchen , Pets allowed
14, Cozy Convenient to Inner Hrbr stadiums  free pkng, Baltimore,75,2  , Studio , 1  , 1 bath,Wifi , Air conditioning , Kitchen , Washer
15,  Ô∏èÔ∏èRoom Fit for a King with Ensuite Bathroom Ô∏èÔ∏è, Baltimore,39,3  , 1  , 1  , 1 shared bath,Wifi , Air conditioning , Free parking , Self check-in
16, Townhouse Bedroom   UMMC  John Hopkins  Stadiums, Baltimore,30,2  , 1  , 1  , 1.5 shared baths,Wifi , Air conditioning , Kitchen , Free parking
17, BWI   downtown Baltimore 10 mins, Glen Burnie,60,3  , 1  , 1  , 1 shared bath,Wifi , Air conditioning , Free parking , Indoor fireplace
18, 1st Floor Studio Suite   1 Queen Bed & Kitchen, Baltimore,74,2  , Studio , 1  , 1 private bath,Wifi , Air conditioning , Kitchen , Pets allowed
19, 2521 Parkville basement queen room 4 professional, Baltimore,23,1  , 1  , 0  , 1 shared bath,Wifi , Air conditioning , Kitchen , Free parking
0, Entire Spacious Guest Unit @JHU (w Private Bath), Baltimore,57,2  , Studio , 1  , 1 bath,Wifi , Heating,None,None
1, Charm City Treasure, Baltimore,40,2  , Studio , 1  , 1 bath,Wifi , Free parking , Kitchen , Heating
2, Suburban comfort near Ft Meade, Hanover,30,1  , 1  , 1  , 1.5 shared baths,Wifi , Free parking , Kitchen , Heating
3, BLUE Private Bedroom with Shared Bathroom, Catonsville,24,2  , 1  , 1  , 2.5 shared baths,Wifi , Free parking , Kitchen , Heating
4,  Amazing 3br 2 bath townhome with King Bed , Baltimore,182,7  , 3  , 3  , 2 baths,Wifi , Kitchen , Heating,None
5, Colorful  Comfortable & Convenient, Baltimore,35,2  , 1  , 1  , 1 private bath,Wifi , Kitchen , Heating,None
6, Private basement apartment, Laurel,42,4  , 1  , 1  , 1 bath,Wifi , Free parking , Heating,None
7,  Ô∏èÔ∏èRoom Fit for a King with Ensuite Bathroom Ô∏èÔ∏è, Baltimore,39,3  , 1  , 1  , 1 shared bath,Wifi , Free parking , Heating,None
8, Studio Apt. close to Hopkins Univ & Union Memorial, Baltimore,57,2  , 1  , 2  , 1 bath,Wifi , Free parking , Kitchen , Heating
9, Free Gated Parking  2BR 1Bath  Sleeps 8  Top Floor, Baltimore,119,8  , 2  , 4  , 1 private bath,Wifi , Free parking , Kitchen , Heating
10, Charming House near Farmer‚Äôs Market Patio View,t,31,2  , 1  , 1  , 1 shared bath,Wifi , Free parking , Kitchen , Heating
11, Secluded acre near BWI and Baltimore,t,85,4  , 2  , 2  , 1.5 baths,Wifi , Free parking , Kitchen , Heating
12, Fairmount Room with Deck, Baltimore,26,1  , 1  , 0  , 1 shared bath,Wifi , Kitchen , Heating,None
13, Townhouse  clean  cozy  efficient, Glen Burnie,70,2  , 2  , 2  , 1.5 baths,Free parking , Kitchen , Heating,None
14, HUGE 2800SF RETREAT ü•Ç at JOHN HOPKINS üõè BALTIMORE, Baltimore,199,7  , 3  , 4  , 2.5 baths,Wifi , Kitchen , Heating,None
15, Entire Comfy Studio @Charles Village  5min frm JHU, Lutherville-Timonium,58,2  , Studio , 1  , 1 bath,Wifi , Kitchen , Heating,None
16, The Khalil at Fairway, Baltimore,12,1  , 1  , 1  , 2.5 shared baths,Wifi , Heating,None,None
17, Mount Vernon Studio, Baltimore,94,2  , 1  , 1  , 1 bath,Wifi , Kitchen , Heating,None
18, Top of Federal Hill Townhouse With Rooftop Deck, Baltimore,80,10  , 3  , 5  , 2 baths,Wifi , Free parking , Kitchen , Heating
19, Town House with private parking Right in Canton!, Baltimore,94,5  , 1  , 2  , 1 bath,Wifi , Free parking , Kitchen , Heating
0, Best bed room next to JJH   fells point  canton, Baltimore,40,2  , 1  , 1  , 1 shared bath,Self check-in , Air conditioning , Washer , Dryer
1, Full Bedroom Minutes Away From The Harbor!, Baltimore,23,4  , 1  , 1  , 1.5 shared baths,Wifi , Air conditioning , Gym , Indoor fireplace
2, Cozy Room for Traveling Nurses at BWI Airport, Glen Burnie,45,2  , 1  , 1  , 1 private bath,Self check-in , Wifi , Air conditioning , Kitchen
3, Federal Hill Locust Point Private Room, Baltimore,50,2  , 1  , 1  , 1.5 shared baths,Self check-in , Wifi , Air conditioning , Indoor fireplace
4, Cozy bedroom next Johns Hopkins hosp  fells point, Baltimore,40,2  , 1  , 1  , 1 shared bath,Self check-in , Wifi , Air conditioning , Washer
5, 1st Floor Studio Suite   2 Queen Beds w Kitchen, Baltimore,82,4  , Studio , 2  , 1 private bath,Self check-in , Wifi , Air conditioning , Elevator
6, Exquisite room close to BWI   Baltimore, Elkridge,48,2  , 1  , 1  , 1 private bath,Wifi , Air conditioning , Free parking,None
7, Stylish  Totally Private Studio Apt.Close to BWI., Linthicum Heights,49,2  , 1  , 1  , 1 bath,Self check-in , Wifi , Air conditioning , Indoor fireplace
8, 5 Apartment Exclusive for Grad and Med Students, Baltimore,30,2  , 1  , 1  , 1 bath,Wifi , Air conditioning , Washer , Dryer
9, At Fells Point Cityside, Baltimore,85,2  , 1  , 1  , 1 bath,Self check-in , Wifi , Air conditioning , Dishwasher
10, (5) master room private bath   in fells point, Baltimore ,49,2  , 1  , 1  , 1 private bath,Self check-in , Wifi , Air conditioning , Washer
11, Beautiful Master Suite in Newly Renovated Home!, Baltimore,39,2  , 1  , 1  , 2.5 baths,Self check-in , Wifi , Air conditioning , Dishwasher
12, Brook‚Äôs Bedroom, Baltimore,32,2  , 1  , 1  , 1 private bath,Self check-in , Air conditioning , Kitchen , Free parking
13, 1st Floor Studio Suite   1 Queen Bed & Kitchen, Baltimore,74,2  , Studio , 1  , 1 private bath,Self check-in , Wifi , Air conditioning , Elevator
14, The Reading Room, Baltimore,80,2  , 1  , 1  , 1 bath,Wifi , Air conditioning , Kitchen,None
15, Close to BWI  Live casino and Mall  private Bed, Hanover,28,1  , 1  , 1  , 1 shared bath,Self check-in , Wifi , Air conditioning , Pets allowed
16, Historic Rowhome by JHMI (Room 1), Baltimore,35,2  , 1  , 1  , 2 shared baths,Self check-in , Wifi , Air conditioning , Pets allowed
17, Comfort Box 1, Baltimore,32,2  , 1  , 2  , 1.5 shared baths,Wifi , Air conditioning , Washer , Dishwasher
18, Private and quiet next to National Historic Site, Towson,49,2  , 1  , 1  , 1 private bath,Self check-in , Wifi , Air conditioning , Washer
19, Relaxing home in Catonsville; Bedroom #1 of 3., Catonsville,39,1  , 3  , 3  , 2.5 shared baths,Wifi , Air conditioning , Indoor fireplace , Washer
0, A space to be away from home, Nottingham,30,2  , 1  , 1  , 1 shared bath,Wifi , Free parking , Kitchen , Heating
1, Grand Escape, Baltimore,40,1  , 1  , 1  , 1 private bath,Wifi , Kitchen , Heating,None
2, Condo Juanbrina of Fells Point, Baltimore,89,4  , Studio , 0  , 1 bath,Wifi , Free parking , Kitchen , Heating
3, Beautiful Master bedroom Baltimore Downtown by JHU, Baltimore,30,2  , 1  , 1  , 1.5 shared baths,Wifi , Kitchen , Heating,None
4, Patterson park apartment 2, Baltimore,48,2  , 1  , 1  , 1 bath,Wifi , Free parking , Kitchen , Heating
5, (4) king size bed   big deck next JHH FELLS point, Baltimore ,46,2  , 1  , 1  , 1 shared bath,Wifi , Kitchen , Heating,None
6,   420 Friendly  Boutique Bedroom and Rooftop Deck, Baltimore,45,2  , 1  , 1  , 1 shared bath,Wifi , Heating,None,None
7, Ann Basement Bedroom, Baltimore,36,1  , 1  , 1  , 1 private bath,Wifi , Kitchen,None,None
8, Cozy and Luxury room near BWI and Fort Meade, Hanover,35,2  , 1  , 1  , 1 shared bath,Wifi , Free parking , Kitchen , Heating
9, The 'Local' Apartment  Rated Best Stay!!!  #4, Baltimore,45,2  , 1  , 1  , 1 bath,Wifi , Kitchen , Heating,None
10, Chic Private1BR Apt #5 UMMC  UB  MICA  HOPKINS, Baltimore,44,4  , 1  , 3  , 1 bath,Wifi , Kitchen , Heating,None
11, (Five) sunshine bedroom next to John Hopkins univ, Baltimore,43,2  , 1  , 1  , 2 shared baths,Wifi , Free parking , Kitchen , Heating
12, Mt Vernon Inn 1 near AMTRAK, Baltimore,40,2  , 1  , 1  , 1 shared bath,Wifi , Heating,None,None
13, Robin Room   Affordable and Cozy Next to Campus, Baltimore,36,2  , 1  , 1  , 2 shared baths,Wifi , Kitchen , Heating,None
14, Hopkins & Fells Point Gem! Pet Friendly!, Baltimore,140,6  , 2  , 2  , 1.5 baths,Wifi , Kitchen , Heating,None
15, Charming House near Farmer‚Äôs Market Patio View, Baltimore,31,2  , 1  , 1  , 1 shared bath,Wifi , Free parking , Kitchen , Heating
16, Plant Oasis Private Room in the Heart of Baltimore, Baltimore,54,2  , 1  , 1  , 1 private bath,Wifi , Kitchen , Heating,None
17, Luxury Inner Harbor Loft   Close to everything!!, Baltimore,90,4  , 1  , 2  , 1 bath,Wifi , Kitchen , Heating,None
18, NEW bedroom with private balcony next fellspoint, Baltimore ,46,2  , 1  , 1  , 1.5 shared baths,Wifi , Kitchen , Heating,None
19, Near Harbor  Stadium  Johns Hopkins BALTIMORE, Baltimore,22,2  , 1  , 1  , 1.5 shared baths,Wifi , Kitchen , Heating,None
0, Cozy Federal hill Studio.  Great location!!, Baltimore,56,2  , Studio , 1  , 1 bath,Self check-in , Wifi , Air conditioning , Pets allowed
1, Convention Center 4BR 3Ba   3 FREE PARKING SPOTS, Baltimore,150,15  , 4  , 6  , 3 baths,Self check-in , Wifi , Air conditioning , Washer
2, 3 Luxury Living For Grad Students, Baltimore,20,1  , 1  , 1  , 1 shared bath,Self check-in , Wifi , Air conditioning , Washer
3, Madison House, Baltimore,100,6  , 3  , 4  , 1 bath,Wifi , Air conditioning , Dishwasher , Kitchen
4, Modern one bedroom rowhome  NEW, Baltimore,103,4  , 1  , 1  , 1 bath,Self check-in , Wifi , Air conditioning , Washer
5, Everything you need   2BR in Nottingham, Nottingham,124,5  , 2  , 2  , 1.5 baths,Wifi , Gym , Pool , Pets allowed
6, Fast Wifi & Disinfected! Perfect for remote work!, Baltimore,103,5  , 1  , 1  , 1 bath,Self check-in , Wifi , Air conditioning , Pets allowed
7, Downtown Baltimore Apartment, Baltimore,99,2  , 1  , 1  , 1 bath,Self check-in , Wifi , Air conditioning , Elevator
8, Luxury Harbor Oasis   Free Private Parking!!!, Baltimore,74,4  , 1  , 2  , 1 bath,Wifi , Air conditioning , Washer , Dryer
9, Comfort Box 2, Baltimore,35,2  , 1  , 1  , 1 shared bath,Wifi , Air conditioning , Washer , Dryer
10, 1Beautiful House for Grad Student, Baltimore,23,1  , 1  , 1  , 1.5 shared baths,Self check-in , Wifi , Air conditioning , Indoor fireplace
11, Where Comfort and Luxury Meet   Marble Hill 310, Baltimore,40,2  , 1  , 1  , 1 private bath,Self check-in , Wifi , Air conditioning , Free parking
12, Mt. Vernon   Biddle Street Inn 203, Baltimore,40,2  , 1  , 1  , 1 shared bath,Self check-in , Wifi , Air conditioning,None
13, Cozy bedroom next Johns Hopkins hosp  fells point, Baltimore,40,2  , 1  , 1  , 1 shared bath,Self check-in , Wifi , Air conditioning , Washer
14, Victorian Charm in Charles Village, Baltimore,75,2  , 1  , 1  , 1.5 baths,Wifi , Air conditioning , Breakfast , Washer
15, Full Bedroom Minutes Away From The Harbor!, Baltimore,23,4  , 1  , 1  , 1.5 shared baths,Wifi , Air conditioning , Gym , Indoor fireplace
16, Private bedrooms in Baltimore near JH, Baltimore,27,2  , 1  , 1  , 1.5 shared baths,Wifi , Air conditioning,None,None
17, Downtown Luxury Stay with Bright  Energy, Baltimore,137,3  , 1  , 1  , 1 bath,Wifi , Air conditioning , Breakfast , Gym
18, Townhouse Bedroom   UMMC  John Hopkins  Stadiums, Baltimore,30,2  , 1  , 1  , 1.5 shared baths,Self check-in , Wifi , Air conditioning , Washer
19, Cozy apartment for you   3BR in Owings Mill, Owings Mills,161,7  , 3  , 3  , 2 baths,Wifi , Gym , Pool , Pets allowed
0, Comfy Stay Near BWI, Millersville,33,2  , 1  , 1  , 1 private bath,Wifi , Free parking , Kitchen , Heating
1, Entire Loft Style One Bedroom Apartment @ JHU, Baltimore,57,2  , 1  , 1  , 1 bath,Wifi , Kitchen , Heating,None
2, Charming 3 Bedroom Rowhouse in Canton (w  parking), Baltimore,109,6  , 3  , 3  , 1.5 baths,Wifi , Free parking , Kitchen , Heating
3, Vintage Mount Vernon apartment, Baltimore,45,2  , 1  , 1  , 1 shared bath,Wifi , Heating,None,None
4, Victorian Charm in Charles Village, Baltimore,75,2  , 1  , 1  , 1.5 baths,Wifi , Kitchen , Heating,None
5, City Living at its Finest! 7 minutes from downtown, Baltimore,65,4  , 1  , 1  , 1 bath,Wifi , Free parking , Kitchen , Heating
6, Tranquil space, Owings Mills,29,1  , 1  , 1  , 1.5 shared baths,Wifi , Free parking , Kitchen , Heating
7, Modern Apartment with Private Entry in Upper Fells, Baltimore,71,3  , 1  , 1  , 1 bath,Wifi , Kitchen , Heating,None
8, Private Basement Apartment Near BWI and Baltimore, Glen Burnie,43,3  , 1  , 2  , 1 bath,Wifi , Kitchen , Heating,None
9, Light Filled Artist's Loft (1) Block from Hopkins, Baltimore,44,4  , 1  , 2  , 1 bath,Wifi , Kitchen , Heating,None
10, Private and quiet next to National Historic Site, Towson,49,2  , 1  , 1  , 1 private bath,Wifi , Free parking , Kitchen , Heating
11, 1611 Queen room 1 shared bath for professional, Baltimore,22,1  , 1  , 1  , 1 shared bath,Wifi , Free parking , Kitchen , Heating
12, Location  Location  Location, Baltimore,79,5  , 2  , 2  , 1.5 baths,Wifi , Kitchen , Heating,None
13, A clean safe room for you  next to Johns Hopkins, Baltimore,50,1  , 1  , 1  , 1 private bath,Wifi , Kitchen , Heating,None
14, In town Rustic Canopy Room w Private Bath, Baltimore,50,2  , 1  , 1  , 1 bath,Wifi , Free parking , Kitchen , Heating
15, Cozy Quaint Studio minutes from JHU Campus, Baltimore,45,2  , 1  , 1  , 1 bath,Wifi , Free parking , Kitchen , Heating
16, Close to BWI  Live casino and Mall  private Bed, Hanover,28,1  , 1  , 1  , 1 shared bath,Wifi , Free parking , Kitchen , Heating
17, Exquisite! Roof Deck! PRIVATE Parking! Sleeps 9, Baltimore,151,9  , 3  , 3  , 3 baths,Wifi , Free parking , Kitchen , Heating
18, Ednor Gardens Retreat, Baltimore,55,2  , 1  , 0  , 1 bath,Wifi , Free parking , Kitchen , Heating
19, 2 Luxury Living For Grad Students, Baltimore,26,1  , 1  , 1  , 1 shared bath,Wifi , Kitchen , Heating,None
