,0,1,2,3,4,5,6,7,8,9,10,11,12
0,title,type,location,price,guests,bedrooms,beds,bathrooms,amenity_1,amenity_2,amenity_3,amenity_4,link
0, Huge Stylish Studio in Theatre District   Evonify,Entire apartment, Downtown, 69,4  , 1  , 1  , 1 bath,Wifi , Air conditioning , Kitchen , Pets allowed,https://airbnb.com/rooms/47090495?previous_page_section_name=1000&federated_search_id=9d430230-032f-4b34-9ac9-89648223053e
1, Sweet 1BR with Parking steps from Union Square ,Entire apartment, Somerville, 57,4  , 1  , 2  , 1 bath,Wifi , Kitchen , Free parking , Pets allowed,https://airbnb.com/rooms/45722399?previous_page_section_name=1000&federated_search_id=9d430230-032f-4b34-9ac9-89648223053e
2, Book the Semester,Entire condominium, Fenway/Kenmore, 61,2  , 1  , 1  , 1 bath,Air conditioning , Kitchen , Washer , Dryer,https://airbnb.com/rooms/43798387?previous_page_section_name=1000&federated_search_id=9d430230-032f-4b34-9ac9-89648223053e
3, Lovely 2 bed in South End   Walk to everything!,Entire condominium, South End, 49,2  , 2  , 2  , 1 bath,Kitchen , Pets allowed , Washer , Dryer,https://airbnb.com/rooms/46733329?previous_page_section_name=1000&federated_search_id=9d430230-032f-4b34-9ac9-89648223053e
4, Warm Room w Charm of late 19th Century Victorian,Private room, Dorchester, 30,2  , 1  , 0  , 1 shared bath,Kitchen , Washer , Dryer,None,https://airbnb.com/rooms/46529051?previous_page_section_name=1000&federated_search_id=9d430230-032f-4b34-9ac9-89648223053e
5, Master bedroom with Private bath   Parking !,Private room, Roxbury, 55,1,1,1,1,Air conditioning , Kitchen , Free parking , Indoor fireplace,https://airbnb.com/rooms/46734270?previous_page_section_name=1000&federated_search_id=9d430230-032f-4b34-9ac9-89648223053e
6, Brownstone in the heart of Back Bay with parking,Entire apartment, Back Bay, 92,2  , 1  , 1  , 2 baths,Wifi , Air conditioning , Kitchen , Free parking,https://airbnb.com/rooms/47010621?previous_page_section_name=1000&federated_search_id=9d430230-032f-4b34-9ac9-89648223053e
7, Furnished Private Bedroom in Kendall Square (F),Private room, Cambridge, 35,1,1,1,1,Wifi , Air conditioning , Kitchen , Washer,https://airbnb.com/rooms/46964226?previous_page_section_name=1000&federated_search_id=9d430230-032f-4b34-9ac9-89648223053e
8, Cambridge 1 Bedroom in Sleek Building,Entire apartment, Cambridge, 85,3  , 1  , 1  , 1 bath,Wifi , Kitchen , Pets allowed , Gym,https://airbnb.com/rooms/45732254?previous_page_section_name=1000&federated_search_id=9d430230-032f-4b34-9ac9-89648223053e
9, Small Downstairs Room,Private room, Cambridge, 25,1  , 1  , 1  , 1 bath,Wifi , Air conditioning , Kitchen , Washer,https://airbnb.com/rooms/1200294?previous_page_section_name=1000&federated_search_id=9d430230-032f-4b34-9ac9-89648223053e
10, 2 bedroom unit  near Boston College,Entire house, Newton, 50,2  , 2  , 2  , 1 bath,Air conditioning , Kitchen , Free parking , Pets allowed,https://airbnb.com/rooms/42996384?previous_page_section_name=1000&federated_search_id=9d430230-032f-4b34-9ac9-89648223053e
11, Smart Apt charming location MIT near Charles River,Entire apartment, Cambridge, 65,2  , 1  , 1  , 1 bath,Wifi , Air conditioning , Kitchen , Breakfast,https://airbnb.com/rooms/46872887?previous_page_section_name=1000&federated_search_id=9d430230-032f-4b34-9ac9-89648223053e
12, Private studio w  parking by MIT Harvard BU Fenway,Entire condominium, Cambridge, 76,2  , 1  , 1  , 1 bath,Wifi , Air conditioning , Free parking , Self check-in,https://airbnb.com/rooms/12318450?previous_page_section_name=1000&federated_search_id=9d430230-032f-4b34-9ac9-89648223053e
13, $800 Private bedroom   Walk to Davis Square,Private room, Somerville, 27,1  , 1  , 1  , 1 bath,Kitchen , Free parking , Washer , Dryer,https://airbnb.com/rooms/46814798?previous_page_section_name=1000&federated_search_id=9d430230-032f-4b34-9ac9-89648223053e
14, Just renovated huge apt  Water view  Top amenities,Entire apartment, Financial District, 124,4  , 1  , 2  , 2 baths,Wifi , Air conditioning , Kitchen , Elevator,https://airbnb.com/rooms/46786616?previous_page_section_name=1000&federated_search_id=9d430230-032f-4b34-9ac9-89648223053e
15, WALK to HARVARD&MIT with MEMORY BED 2,Private room, Cambridge, 42,2  , 1  , 1  , 2 shared baths,Wifi , Air conditioning , Self check-in,None,https://airbnb.com/rooms/19345857?previous_page_section_name=1000&federated_search_id=9d430230-032f-4b34-9ac9-89648223053e
16, CambridgeBest2 bed 2 bath 1 kitchen apt 1 parking,Entire apartment, Cambridge, 59,3  , 2  , 2  , 2 baths,Wifi , Air conditioning , Kitchen , Free parking,https://airbnb.com/rooms/46778268?previous_page_section_name=1000&federated_search_id=9d430230-032f-4b34-9ac9-89648223053e
17, Cape Cod Room  With Private Bath Townhouse RedLine,Private room, Dorchester, 45,2  , 1  , 1  , 1.5 baths,Wifi , Air conditioning , Kitchen , Breakfast,https://airbnb.com/rooms/18584891?previous_page_section_name=1000&federated_search_id=9d430230-032f-4b34-9ac9-89648223053e
18, ELA: Enjoy Harvard campus & Charles River &  MIT,Private room, Cambridge, 29,2  , 1  , 1  , 2 shared baths,Wifi , Kitchen , Washer , Dryer,https://airbnb.com/rooms/27757091?previous_page_section_name=1000&federated_search_id=9d430230-032f-4b34-9ac9-89648223053e
19, Back Bay Near Fenway  Hynes  the T,Entire apartment, Back Bay, 65,2  , 1  , 0  , 1 bath,Wifi , Air conditioning , Kitchen , Self check-in,https://airbnb.com/rooms/11462476?previous_page_section_name=1000&federated_search_id=9d430230-032f-4b34-9ac9-89648223053e
0, Luxury studio w  parking by MIT Harvard BU Fenway,Entire apartment, Cambridge,82,2  , 1  , 1  , 1 bath,Wifi , Air conditioning , Free parking , Self check-in,https://airbnb.com/rooms/34664077?previous_page_section_name=1000&federated_search_id=9da57844-cddc-4528-8bca-38e76a18c832
1, (R1) Beautiful Beacon Hill  Walk to MGH,Entire apartment, Beacon Hill,96,2  , 1  , 1  , 1 bath,Wifi , Air conditioning , Kitchen , Dishwasher,https://airbnb.com/rooms/44661271?previous_page_section_name=1000&federated_search_id=9da57844-cddc-4528-8bca-38e76a18c832
2, Gorgeous Beacon Hill Apartment,Entire apartment, West End,51,3  , 1  , 1  , 1 bath,Wifi , Air conditioning , Kitchen , Self check-in,https://airbnb.com/rooms/8170181?previous_page_section_name=1000&federated_search_id=9da57844-cddc-4528-8bca-38e76a18c832
3, Cozy room! Amazing Location! Great Price! #4,Private room, Everett,49,2  , 1  , 1  , 1 shared bath,Wifi , Air conditioning , Free parking , Self check-in,https://airbnb.com/rooms/37365036?previous_page_section_name=1000&federated_search_id=9da57844-cddc-4528-8bca-38e76a18c832
4, 1880's BostonTownhouse With PrivateBath RedLine,Private room, Dorchester,43,2  , 1  , 1  , 1.5 baths,Wifi , Air conditioning , Kitchen , Breakfast,https://airbnb.com/rooms/19117781?previous_page_section_name=1000&federated_search_id=9da57844-cddc-4528-8bca-38e76a18c832
5, FOUND Boston Common   Single Room,Room, boutique hotel Downtown,73,1  , 1  , 1  , 1 private bath,Wifi , Air conditioning,None,None,https://airbnb.com/rooms/45449241?previous_page_section_name=1000&federated_search_id=9da57844-cddc-4528-8bca-38e76a18c832
6,   Chic  Clean & Large   Professionally Cleaned!  ,Private room, East Boston,44,2  , 1  , 1  , 2.5 shared baths,Wifi , Air conditioning , Kitchen , Self check-in,https://airbnb.com/rooms/22099733?previous_page_section_name=1000&federated_search_id=9da57844-cddc-4528-8bca-38e76a18c832
7, (X5) Newly styled Back Bay studio,Entire apartment, Back Bay,84,2  , Studio , 1  , 1 bath,Wifi , Air conditioning , Kitchen , Pets allowed,https://airbnb.com/rooms/44428964?previous_page_section_name=1000&federated_search_id=9da57844-cddc-4528-8bca-38e76a18c832
8, Newly Renovated Boston College Studio,Entire guest suite, Allston-Brighton,53,2  , Studio , 1  , 1 bath,Wifi , Air conditioning , Free parking , Washer,https://airbnb.com/rooms/22886713?previous_page_section_name=1000&federated_search_id=9da57844-cddc-4528-8bca-38e76a18c832
9,  Clean   Cozy Bedroom   Close to Subway & Airport ,Private room, East Boston,46,2  , 1  , 1  , 2 shared baths,Wifi , Air conditioning , Kitchen , Washer,https://airbnb.com/rooms/18342707?previous_page_section_name=1000&federated_search_id=9da57844-cddc-4528-8bca-38e76a18c832
10, Downtown Theater District & Boston Common Park,Entire apartment, Chinatown,82,3  , 1  , 1  , 1 bath,Wifi , Air conditioning , Kitchen , Elevator,https://airbnb.com/rooms/24378766?previous_page_section_name=1000&federated_search_id=9da57844-cddc-4528-8bca-38e76a18c832
11, FOUND Boston Common   Standard Full Room,Room, boutique hotel Back Bay,83,2  , 1  , 1  , 1 shared bath,Wifi , Air conditioning , Washer , Dryer,https://airbnb.com/rooms/45347651?previous_page_section_name=1000&federated_search_id=9da57844-cddc-4528-8bca-38e76a18c832
12, Sweet 1BR with Parking steps from Union Square ,Entire apartment, Somerville,57,4  , 1  , 2  , 1 bath,Wifi , Kitchen , Free parking , Pets allowed,https://airbnb.com/rooms/45722399?previous_page_section_name=1000&federated_search_id=9da57844-cddc-4528-8bca-38e76a18c832
13, Stylish & Comfortable Newbury St Studio  #10,Entire apartment, Back Bay,70,2  , 1  , 1  , 1 bath,Wifi , Air conditioning , Kitchen , Washer,https://airbnb.com/rooms/6759004?previous_page_section_name=1000&federated_search_id=9da57844-cddc-4528-8bca-38e76a18c832
14, keyless private room near MIT Central Sq 2,Private room, Cambridge,45,4  , 1  , 2  , 2 shared baths,Wifi , Air conditioning , Kitchen,None,https://airbnb.com/rooms/33245746?previous_page_section_name=1000&federated_search_id=9da57844-cddc-4528-8bca-38e76a18c832
15, Book the Semester,Entire condominium, Fenway/Kenmore,61,2  , 1  , 1  , 1 bath,Air conditioning , Kitchen , Washer , Dryer,https://airbnb.com/rooms/43798387?previous_page_section_name=1000&federated_search_id=9da57844-cddc-4528-8bca-38e76a18c832
16, Comfy Beacon Hill Studio Great for Work Travel #7,Entire apartment, Beacon Hill,81,2  , 1  , 1  , 1 bath,Wifi , Kitchen , Washer , Dryer,https://airbnb.com/rooms/7832890?previous_page_section_name=1000&federated_search_id=9da57844-cddc-4528-8bca-38e76a18c832
17, (MGH2) NEW! 1Bedroom  Beacon Hill!,Entire apartment, Beacon Hill,110,2  , 1  , 1  , 1 bath,Wifi , Air conditioning , Kitchen , Dishwasher,https://airbnb.com/rooms/45239079?previous_page_section_name=1000&federated_search_id=9da57844-cddc-4528-8bca-38e76a18c832
18, (X9) Back Bay  Simple Little Studio,Entire apartment, Back Bay,84,2  , Studio , 2  , 1 bath,Wifi , Air conditioning , Kitchen , Washer,https://airbnb.com/rooms/33250560?previous_page_section_name=1000&federated_search_id=9da57844-cddc-4528-8bca-38e76a18c832
19, NEAR HARVARD BUSINESS SCHOOL WITH MEMORY BED 2,Private room, Allston-Brighton,42,2  , 1  , 1  , 1 shared bath,Wifi , Air conditioning , Self check-in,None,https://airbnb.com/rooms/34212295?previous_page_section_name=1000&federated_search_id=9da57844-cddc-4528-8bca-38e76a18c832
0, Cozy Room! Amazing Location! Great Price! #3,Private room, Everett,48,2  , 1  , 1  , 1 shared bath,Wifi , Self check-in , Air conditioning , Free parking,https://airbnb.com/rooms/37364744?previous_page_section_name=1000&federated_search_id=70a637d3-02b6-4e5f-911a-94acc4f5c681
1, Charming Studio on Boston's iconic Newbury St  #8,Entire apartment, Back Bay,76,2  , 1  , 1  , 1 bath,Wifi , Self check-in , Air conditioning , Dryer,https://airbnb.com/rooms/7475573?previous_page_section_name=1000&federated_search_id=70a637d3-02b6-4e5f-911a-94acc4f5c681
2, The Modica Estates #5,Private room, Cambridge,40,1  , 1  , 1  , 1 shared bath,Wifi , Air conditioning , Dryer , Washer,https://airbnb.com/rooms/29034417?previous_page_section_name=1000&federated_search_id=70a637d3-02b6-4e5f-911a-94acc4f5c681
3, Dog Friendly   10 mins from Downtown Boston,Entire apartment, Allston-Brighton,61,2  , 1  , 1  , 1 bath,Wifi , Self check-in , Pets allowed , Air conditioning,https://airbnb.com/rooms/46388603?previous_page_section_name=1000&federated_search_id=70a637d3-02b6-4e5f-911a-94acc4f5c681
4, FOUND Boston Common   Queen Room,Room, boutique hotel Downtown,93,2  , 1  , 1  , 1 private bath,Wifi , Air conditioning , Dryer , Washer,https://airbnb.com/rooms/45349044?previous_page_section_name=1000&federated_search_id=70a637d3-02b6-4e5f-911a-94acc4f5c681
5, R9   large private bedroom w  park overview,Private room, Cambridge,34,2  , 1  , 1  , 1 shared bath,Wifi , Self check-in , Air conditioning , Dryer,https://airbnb.com/rooms/23308507?previous_page_section_name=1000&federated_search_id=70a637d3-02b6-4e5f-911a-94acc4f5c681
6, keyless private room near MIT Central Sq 3,Private room, Cambridge,45,4  , 1  , 2  , 2 shared baths,Wifi , Air conditioning , Kitchen,None,https://airbnb.com/rooms/33245987?previous_page_section_name=1000&federated_search_id=70a637d3-02b6-4e5f-911a-94acc4f5c681
7, Staypineapple Boston  Back Bay King,Room, boutique hotel South End,109,2  , 1  , 1  , 1 private bath,Elevator , Wifi , Pets allowed , Air conditioning,https://airbnb.com/rooms/36237250?previous_page_section_name=1000&federated_search_id=70a637d3-02b6-4e5f-911a-94acc4f5c681
8, Huge Stylish Studio in Theatre District   Evonify,Entire apartment, Chinatown,60,4  , 1  , 2  , 1 bath,Wifi , Self check-in , Pets allowed , Air conditioning,https://airbnb.com/rooms/45802196?previous_page_section_name=1000&federated_search_id=70a637d3-02b6-4e5f-911a-94acc4f5c681
9, Downtown Crossing ARTlab  1 Bed Apt  Boston,Entire apartment, Downtown,100,3  , 1  , 1  , 1 bath,Wifi , Pets allowed , Air conditioning , Dryer,https://airbnb.com/rooms/45812606?previous_page_section_name=1000&federated_search_id=70a637d3-02b6-4e5f-911a-94acc4f5c681
10, 15min T to Downtown  Walk to airport & subway,Private room, East Boston,39,2  , 1  , 1  , 1 shared bath,Wifi , Self check-in , Air conditioning , Dishwasher,https://airbnb.com/rooms/29134558?previous_page_section_name=1000&federated_search_id=70a637d3-02b6-4e5f-911a-94acc4f5c681
11, (104) Back Bay Studio   Prime Location  St Botolph,Entire apartment, Back Bay,75,2  , 1  , 1  , 1 bath,Wifi , Self check-in , Pets allowed , Air conditioning,https://airbnb.com/rooms/20635474?previous_page_section_name=1000&federated_search_id=70a637d3-02b6-4e5f-911a-94acc4f5c681
12, Quaint Cute Historic Charles Studio #9,Entire apartment, Beacon Hill,85,2  , 1  , 1  , 1 bath,Elevator , Wifi , Air conditioning , Dryer,https://airbnb.com/rooms/19308245?previous_page_section_name=1000&federated_search_id=70a637d3-02b6-4e5f-911a-94acc4f5c681
13, Charming & Stylish Studio on Beacon Hill #15,Entire apartment, Beacon Hill,78,2  , 1  , 1  , 1 bath,Wifi , Self check-in , Dryer , Washer,https://airbnb.com/rooms/7837202?previous_page_section_name=1000&federated_search_id=70a637d3-02b6-4e5f-911a-94acc4f5c681
14, (R2) Simple Beacon Hill  MGH,Entire apartment, Beacon Hill,94,2  , 1  , 1  , 1 bath,Wifi , Air conditioning , Dishwasher , Kitchen,https://airbnb.com/rooms/45239136?previous_page_section_name=1000&federated_search_id=70a637d3-02b6-4e5f-911a-94acc4f5c681
15, WALK to HARVARD&MIT with MEMORY BED 6,Private room, Cambridge,42,2  , 1  , 1  , 2 shared baths,Wifi , Self check-in , Air conditioning,None,https://airbnb.com/rooms/19346436?previous_page_section_name=1000&federated_search_id=70a637d3-02b6-4e5f-911a-94acc4f5c681
16,   Bright  Sunny & Clean   Professionally Cleaned!,Private room, East Boston,44,2  , 1  , 1  , 2.5 shared baths,Wifi , Self check-in , Air conditioning , Kitchen,https://airbnb.com/rooms/22327142?previous_page_section_name=1000&federated_search_id=70a637d3-02b6-4e5f-911a-94acc4f5c681
17, Montgomery Place   One Bedroom,Entire apartment, South End,66,4  , 1  , 1  , 1 bath,Wifi , Self check-in , Air conditioning , Kitchen,https://airbnb.com/rooms/13378936?previous_page_section_name=1000&federated_search_id=70a637d3-02b6-4e5f-911a-94acc4f5c681
18,   Spacious & Modern   Professionally Sanitized  ,Private room, East Boston,50,2  , 1  , 1  , 2 shared baths,Wifi , Self check-in , Air conditioning , Dishwasher,https://airbnb.com/rooms/18290558?previous_page_section_name=1000&federated_search_id=70a637d3-02b6-4e5f-911a-94acc4f5c681
19, (X6) Simple Little Stay,Entire apartment, Back Bay,77,2  , Studio , 1  , 1 bath,Wifi , Self check-in , Air conditioning , Dryer,https://airbnb.com/rooms/46880344?previous_page_section_name=1000&federated_search_id=70a637d3-02b6-4e5f-911a-94acc4f5c681
0, 1BD Apt in Back Bay  Isolate by Charles River,Entire apartment, Back Bay,91,2  , Studio , 1  , 1 bath,Wifi , Pets allowed , Air conditioning , Kitchen,https://airbnb.com/rooms/45652037?previous_page_section_name=1000&federated_search_id=3e613314-bdcb-4ce8-944c-0e2a4c2c79c4
1, Luxury 1 Bedroom in Central Square  Steps to from MIT,Entire apartment, Cambridge,80,3  , 1  , 1  , 1 bath,Gym , Wifi , Pets allowed , Dryer,https://airbnb.com/rooms/18791077?previous_page_section_name=1000&federated_search_id=3e613314-bdcb-4ce8-944c-0e2a4c2c79c4
2, Luxury 2BR in Southend near SoWa   Evonify,Entire apartment, South End,68,6  , 2  , 3  , 1.5 baths,Wifi , Self check-in , Pets allowed , Air conditioning,https://airbnb.com/rooms/45439188?previous_page_section_name=1000&federated_search_id=3e613314-bdcb-4ce8-944c-0e2a4c2c79c4
3, Boho Back Bay Studio,Entire apartment, Back Bay,82,2  , Studio , 1  , 1 bath,Wifi , Self check-in , Air conditioning , Dryer,https://airbnb.com/rooms/47026618?previous_page_section_name=1000&federated_search_id=3e613314-bdcb-4ce8-944c-0e2a4c2c79c4
4, Cozy room! Amazing Location! Great Price! #4,Private room, Everett,49,2  , 1  , 1  , 1 shared bath,Wifi , Self check-in , Air conditioning , Free parking,https://airbnb.com/rooms/37365036?previous_page_section_name=1000&federated_search_id=3e613314-bdcb-4ce8-944c-0e2a4c2c79c4
5, Lovely Place in Jamaica Plain Room #2,Private room, Jamaica Plain,40,2  , 1  , 1  , 1 shared bath,Breakfast , Wifi , Free parking , Dryer,https://airbnb.com/rooms/42404818?previous_page_section_name=1000&federated_search_id=3e613314-bdcb-4ce8-944c-0e2a4c2c79c4
6, City Living with a View  Newbury St   #4,Entire apartment, Back Bay,66,2  , 1  , 1  , 1 bath,Wifi , Self check-in , Air conditioning , Dryer,https://airbnb.com/rooms/6882615?previous_page_section_name=1000&federated_search_id=3e613314-bdcb-4ce8-944c-0e2a4c2c79c4
7, Cozy & Affordable 2 Bedroom Guest Suite  Stoneham,Entire guest suite, Stoneham ,67,4  , 2  , 2  , 1 bath,Wifi , Air conditioning , Free parking , Dryer,https://airbnb.com/rooms/38583893?previous_page_section_name=1000&federated_search_id=3e613314-bdcb-4ce8-944c-0e2a4c2c79c4
8, 1880's BostonTownhouse With PrivateBath RedLine,Private room, Dorchester,43,2  , 1  , 1  , 1.5 baths,Breakfast , Wifi , Air conditioning , Dryer,https://airbnb.com/rooms/19117781?previous_page_section_name=1000&federated_search_id=3e613314-bdcb-4ce8-944c-0e2a4c2c79c4
9, Huge Stylish Studio in Theatre District   Evonify,Entire apartment, Chinatown,60,4  , 1  , 2  , 1 bath,Wifi , Self check-in , Pets allowed , Air conditioning,https://airbnb.com/rooms/45802196?previous_page_section_name=1000&federated_search_id=3e613314-bdcb-4ce8-944c-0e2a4c2c79c4
10, One Bedroom with Panoramic Views of Cambridge,Entire apartment, Cambridge,115,3  , 1  , 1  , 1 bath,Gym , Wifi , Pets allowed , Dryer,https://airbnb.com/rooms/46602128?previous_page_section_name=1000&federated_search_id=3e613314-bdcb-4ce8-944c-0e2a4c2c79c4
11, Luxury 1BR APT w  parking by MIT Harvard BU Fenway,Entire apartment, Cambridge,126,2  , 1  , 1  , 1 bath,Wifi , Self check-in , Air conditioning , Free parking,https://airbnb.com/rooms/34944649?previous_page_section_name=1000&federated_search_id=3e613314-bdcb-4ce8-944c-0e2a4c2c79c4
12, Watermark Seaport,Entire serviced apartment, South Boston,134,1  , Studio , 1  , 1 bath,Gym , Elevator , Wifi , Dryer,https://airbnb.com/rooms/46925207?previous_page_section_name=1000&federated_search_id=3e613314-bdcb-4ce8-944c-0e2a4c2c79c4
13, Cozy room with private porch,Private room, Dorchester,30,2  , 1  , 1  , 1 shared bath,Wifi , Free parking , Dryer , Washer,https://airbnb.com/rooms/21661811?previous_page_section_name=1000&federated_search_id=3e613314-bdcb-4ce8-944c-0e2a4c2c79c4
14,   Clean  Modern & Bright   Great Location  ,Private room, East Boston,44,2  , 1  , 1  , 2.5 shared baths,Wifi , Self check-in , Air conditioning , Kitchen,https://airbnb.com/rooms/22327139?previous_page_section_name=1000&federated_search_id=3e613314-bdcb-4ce8-944c-0e2a4c2c79c4
15, Q3 Casa da tia Simone,Private room, Watertown,35,2  , 1  , 1  , 2 shared baths,Wifi , Air conditioning , Free parking , Dryer,https://airbnb.com/rooms/38284827?previous_page_section_name=1000&federated_search_id=3e613314-bdcb-4ce8-944c-0e2a4c2c79c4
16, Fully Furnished Private Room in Harvard Square,Room, boutique hotel Cambridge,54,1  , 1  , 1  , 1 shared bath,Wifi , Air conditioning , Dryer , Washer,https://airbnb.com/rooms/41273964?previous_page_section_name=1000&federated_search_id=3e613314-bdcb-4ce8-944c-0e2a4c2c79c4
17, Private Rm  5 Min Walk to Harvard  1 Month Minimum,Private room, Cambridge,40,2  , 1  , 1  , 1.5 shared baths,Wifi , Self check-in , Air conditioning , Kitchen,https://airbnb.com/rooms/34127139?previous_page_section_name=1000&federated_search_id=3e613314-bdcb-4ce8-944c-0e2a4c2c79c4
18,  2 Double beds 4mi to Downtown near subway freepk ,Private room, Dorchester,39,4  , 1  , 2  , 2 shared baths,Wifi , Self check-in , Air conditioning , Dryer,https://airbnb.com/rooms/19123216?previous_page_section_name=1000&federated_search_id=3e613314-bdcb-4ce8-944c-0e2a4c2c79c4
19, #4   12 HOUR RENTAL NO PARKING  READ LISTING,Private room, Somerville,27,1  , 1  , 1  , 1 shared bath,Wifi , Kitchen,None,None,https://airbnb.com/rooms/21229815?previous_page_section_name=1000&federated_search_id=3e613314-bdcb-4ce8-944c-0e2a4c2c79c4
0, Small cozy room close to everything,Private room, Quincy,39,1  , 1  , 1  , 1 shared bath,Wifi , Air conditioning , Kitchen , Washer,https://airbnb.com/rooms/35801698?previous_page_section_name=1000&federated_search_id=7642e268-3447-4ed9-bde7-b65a3b2de2db
1, Nice Queen size bedroom  near T,Private room, Somerville,39,1  , 1  , 1  , 1 shared bath,Wifi , Kitchen , Free parking,None,https://airbnb.com/rooms/6812982?previous_page_section_name=1000&federated_search_id=7642e268-3447-4ed9-bde7-b65a3b2de2db
2, 3 Bed 2 Bath w  Free Parking near Kendall Square,Entire serviced apartment, Cambridge,83,8  , 3  , 4  , 2 baths,Wifi , Air conditioning , Kitchen , Free parking,https://airbnb.com/rooms/33325791?previous_page_section_name=1000&federated_search_id=7642e268-3447-4ed9-bde7-b65a3b2de2db
3, Gorgeous Beacon Hill Apartment,Entire apartment, West End,51,3  , 1  , 1  , 1 bath,Wifi , Air conditioning , Kitchen , Self check-in,https://airbnb.com/rooms/8170181?previous_page_section_name=1000&federated_search_id=7642e268-3447-4ed9-bde7-b65a3b2de2db
4, Charming studio,Entire apartment, Allston-Brighton,49,1  , 1  , 1  , 1 bath,Wifi , Air conditioning , Kitchen , Washer,https://airbnb.com/rooms/4630071?previous_page_section_name=1000&federated_search_id=7642e268-3447-4ed9-bde7-b65a3b2de2db
5, (X6) Simple Little Stay,Entire apartment, Back Bay,77,2  , Studio , 1  , 1 bath,Wifi , Air conditioning , Kitchen , Washer,https://airbnb.com/rooms/46880344?previous_page_section_name=1000&federated_search_id=7642e268-3447-4ed9-bde7-b65a3b2de2db
6, 401 Downtown Boston Studio  Book Now!!!,Entire apartment, Downtown Crossing,70,2  , 1  , 1  , 1 bath,Wifi , Air conditioning , Kitchen , Elevator,https://airbnb.com/rooms/46983244?previous_page_section_name=1000&federated_search_id=7642e268-3447-4ed9-bde7-b65a3b2de2db
7, Somerville One Bedroom Summer Sublet,Private room, Somerville,52,2  , 1  , 1  , 2 shared baths,Wifi , Air conditioning , Kitchen , Washer,https://airbnb.com/rooms/25008538?previous_page_section_name=1000&federated_search_id=7642e268-3447-4ed9-bde7-b65a3b2de2db
8, Stunning South End 1BR   private roofdeck,Entire condominium, South End,130,3  , 1  , 2  , 1 bath,Wifi , Air conditioning , Kitchen , Washer,https://airbnb.com/rooms/32762186?previous_page_section_name=1000&federated_search_id=7642e268-3447-4ed9-bde7-b65a3b2de2db
9, The Inn at Brookline  Exec  Tower King Interior,Room, boutique hotel Coolidge Corner,110,2  , 1  , 1  , 1 private bath,Wifi , Air conditioning , Gym , Elevator,https://airbnb.com/rooms/39392723?previous_page_section_name=1000&federated_search_id=7642e268-3447-4ed9-bde7-b65a3b2de2db
10, Brand New  Luxury 1 Bed Apartment in the North End,Entire apartment, North End,80,2  , 1  , 1  , 1 bath,Wifi , Air conditioning , Kitchen , Washer,https://airbnb.com/rooms/37709576?previous_page_section_name=1000&federated_search_id=7642e268-3447-4ed9-bde7-b65a3b2de2db
11, NEAR HARVARD BUSINESS SCHOOL WITH MEMORY BED 2,Private room, Allston-Brighton,42,2  , 1  , 1  , 1 shared bath,Wifi , Air conditioning , Self check-in,None,https://airbnb.com/rooms/34212295?previous_page_section_name=1000&federated_search_id=7642e268-3447-4ed9-bde7-b65a3b2de2db
12, Entire 1 Bedroom Apartment in Boston,Entire apartment, Fenway/Kenmore,150,3  , 1  , 1  , 1 bath,Wifi , Kitchen , Pets allowed , Gym,https://airbnb.com/rooms/46730228?previous_page_section_name=1000&federated_search_id=7642e268-3447-4ed9-bde7-b65a3b2de2db
13, Garden oasis 1BR apt  near Parks Sights Hospitals,Entire house, Brookline,110,4  , 1  , 3  , 1 bath,Wifi , Air conditioning , Kitchen , Self check-in,https://airbnb.com/rooms/25442045?previous_page_section_name=1000&federated_search_id=7642e268-3447-4ed9-bde7-b65a3b2de2db
14, 2BD Modern and Spacious Apt in the Heart of Boston,Entire apartment, Roxbury,137,5  , 2  , 2  , 1 bath,Wifi , Air conditioning , Kitchen,None,https://airbnb.com/rooms/46981797?previous_page_section_name=1000&federated_search_id=7642e268-3447-4ed9-bde7-b65a3b2de2db
15, Luxury 1 Bedroom Apartment Near MIT Harvard,Entire apartment, Cambridge,95,3  , 1  , 1  , 1 bath,Wifi , Pool , Kitchen , Pets allowed,https://airbnb.com/rooms/46601986?previous_page_section_name=1000&federated_search_id=7642e268-3447-4ed9-bde7-b65a3b2de2db
16, Studio  Fully Furnished in Harvard Square,Room, boutique hotel Cambridge,60,1  , 1  , 1  , 1 private bath,Wifi , Air conditioning , Kitchen , Washer,https://airbnb.com/rooms/41288141?previous_page_section_name=1000&federated_search_id=7642e268-3447-4ed9-bde7-b65a3b2de2db
17, Large room in Jamaica Plain  plenty natural light,Private room, Jamaica Plain,45,1,1,1,1,Wifi , Air conditioning , Kitchen , Free parking,https://airbnb.com/rooms/45862289?previous_page_section_name=1000&federated_search_id=7642e268-3447-4ed9-bde7-b65a3b2de2db
18, A minute walk from the Red line (Shawmut) Room 1,Private room, Dorchester,30,1  , 1  , 1  , 1 shared bath,Wifi , Air conditioning , Kitchen , Washer,https://airbnb.com/rooms/39747700?previous_page_section_name=1000&federated_search_id=7642e268-3447-4ed9-bde7-b65a3b2de2db
19, Riverway the best of Boston and Brookline!,Entire condominium, Brookline,85,4  , 2  , 2  , 1 bath,Wifi , Air conditioning , Kitchen , Washer,https://airbnb.com/rooms/41949812?previous_page_section_name=1000&federated_search_id=7642e268-3447-4ed9-bde7-b65a3b2de2db
0, Entire apartment for you   1BR in Boston,Entire serviced apartment, South Boston,158,3  , 1  , 1  , 1 bath,Free parking , Wifi , Kitchen,None,https://airbnb.com/rooms/47055362?previous_page_section_name=1000&federated_search_id=044bbbab-02d2-40f3-b4fc-6df3a8ebd22f
1, Newly updated 1 bedroom  walk to Ashmont T!,Entire condominium, Dorchester,50,1  , 1  , 1  , 1 bath,Wifi , Kitchen , Heating,None,https://airbnb.com/rooms/29533508?previous_page_section_name=1000&federated_search_id=044bbbab-02d2-40f3-b4fc-6df3a8ebd22f
2, Delightful North End   Roof deck   Laundry in unit,Entire apartment, North End,115,6  , 2  , 2  , 2 baths,Wifi , Kitchen , Heating,None,https://airbnb.com/rooms/36881315?previous_page_section_name=1000&federated_search_id=044bbbab-02d2-40f3-b4fc-6df3a8ebd22f
3, The Inn at Brookline  Standard King Beacon Street,Room, boutique hotel Coolidge Corner,105,2  , 1  , 1  , 1 private bath,Wifi , Heating,None,None,https://airbnb.com/rooms/39392262?previous_page_section_name=1000&federated_search_id=044bbbab-02d2-40f3-b4fc-6df3a8ebd22f
4, Loft with water view deck unit #8,Entire loft, Chelsea,79,2  , Studio , 0  , 1 bath,Free parking , Wifi , Kitchen , Heating,https://airbnb.com/rooms/12324063?previous_page_section_name=1000&federated_search_id=044bbbab-02d2-40f3-b4fc-6df3a8ebd22f
5, July @ Nantasket Beach @ $3000 @ 1 Person,Private room, Hull,65,1  , 1  , 1  , 1 shared bath,Free parking , Wifi , Kitchen , Heating,https://airbnb.com/rooms/2249199?previous_page_section_name=1000&federated_search_id=044bbbab-02d2-40f3-b4fc-6df3a8ebd22f
6, Meticulous 1 BR in the Heart of Back Bay,Entire apartment, Back Bay,125,2  , 1  , 1  , 1 bath,Free parking , Wifi , Kitchen , Heating,https://airbnb.com/rooms/45860458?previous_page_section_name=1000&federated_search_id=044bbbab-02d2-40f3-b4fc-6df3a8ebd22f
7, Live   Work   Stay   Easy   1BR in Cambridge,Entire serviced apartment, Cambridge,127,3  , 1  , 1  , 1 bath,Wifi , Kitchen,None,None,https://airbnb.com/rooms/45771644?previous_page_section_name=1000&federated_search_id=044bbbab-02d2-40f3-b4fc-6df3a8ebd22f
8, Guest Room in Cozy Place,Private room, Malden,35,2  , 1  , 1  , 1 shared bath,Wifi , Kitchen , Heating,None,https://airbnb.com/rooms/37703980?previous_page_section_name=1000&federated_search_id=044bbbab-02d2-40f3-b4fc-6df3a8ebd22f
9, Stylish & Comfortable Newbury St Studio  #6,Entire apartment, Back Bay,76,2  , 1  , 1  , 1 bath,Wifi , Kitchen , Heating,None,https://airbnb.com/rooms/7475379?previous_page_section_name=1000&federated_search_id=044bbbab-02d2-40f3-b4fc-6df3a8ebd22f
10, Cute South End Apt in AMAZING location,Entire apartment, South End,100,4  , 1  , 1  , 1 bath,Wifi , Kitchen , Heating,None,https://airbnb.com/rooms/39645126?previous_page_section_name=1000&federated_search_id=044bbbab-02d2-40f3-b4fc-6df3a8ebd22f
11, Quirky  Cozy 1 Bedroom in Kendall Square,Entire apartment, Cambridge,50,4  , 1  , 2  , 1 bath,Wifi , Heating,None,None,https://airbnb.com/rooms/20462256?previous_page_section_name=1000&federated_search_id=044bbbab-02d2-40f3-b4fc-6df3a8ebd22f
12, Cozy with roof top deck   parking downtown airport,Entire apartment, East Boston,80,4  , 1  , 2  , 1 bath,Free parking , Wifi , Kitchen , Heating,https://airbnb.com/rooms/40991291?previous_page_section_name=1000&federated_search_id=044bbbab-02d2-40f3-b4fc-6df3a8ebd22f
13, 504 Stay Tonight In Boston's Downtown!,Entire apartment, Downtown Crossing,68,4  , 1  , 1  , 1 bath,Kitchen,None,None,None,https://airbnb.com/rooms/46984660?previous_page_section_name=1000&federated_search_id=044bbbab-02d2-40f3-b4fc-6df3a8ebd22f
14, South End Charmer,Private room, Roxbury,64,1  , 1  , 1  , 1 bath,Wifi , Kitchen , Heating,None,https://airbnb.com/rooms/42035561?previous_page_section_name=1000&federated_search_id=044bbbab-02d2-40f3-b4fc-6df3a8ebd22f
15, WALK to HARVARD&MIT with MEMORY BED 6,Private room, Cambridge,42,2  , 1  , 1  , 2 shared baths,Wifi , Heating,None,None,https://airbnb.com/rooms/19346436?previous_page_section_name=1000&federated_search_id=044bbbab-02d2-40f3-b4fc-6df3a8ebd22f
16, New 3 Bed 2 Bath Tourist House near Kendall Square,Entire serviced apartment, Cambridge,80,7  , 3  , 5  , 2 baths,Wifi , Kitchen , Heating,None,https://airbnb.com/rooms/33340302?previous_page_section_name=1000&federated_search_id=044bbbab-02d2-40f3-b4fc-6df3a8ebd22f
17,   Sunny  Spacious & Modern   Cleaned & Sanitized!,Private room, East Boston,44,2  , 1  , 1  , 2 shared baths,Wifi , Kitchen , Heating,None,https://airbnb.com/rooms/17974950?previous_page_section_name=1000&federated_search_id=044bbbab-02d2-40f3-b4fc-6df3a8ebd22f
18, Keyless Entry   Fastest Wifi   Pet Friendly Loft,Entire apartment, Financial District,113,4  , 1  , 1  , 1 bath,Wifi , Kitchen , Heating,None,https://airbnb.com/rooms/36771929?previous_page_section_name=1000&federated_search_id=044bbbab-02d2-40f3-b4fc-6df3a8ebd22f
19, 4 min walk 2 Red Line T & Airport pick up drop $35,Private room, Dorchester,45,2  , 1  , 1  , 1.5 shared baths,Wifi , Kitchen , Heating,None,https://airbnb.com/rooms/38879187?previous_page_section_name=1000&federated_search_id=044bbbab-02d2-40f3-b4fc-6df3a8ebd22f
0, Downtown Crossing ARTlab  1 Bed Apt  Boston,Entire apartment, Downtown,100,3  , 1  , 1  , 1 bath,Wifi , Kitchen , Heating,None,https://airbnb.com/rooms/45812606?previous_page_section_name=1000&federated_search_id=fdd3cda7-7c35-4521-91e8-2aa80d0c2670
1, Cozy renewed 1 bedroom in Allston,Entire apartment, Allston-Brighton,60,1,1,1,1,Kitchen , Heating,None,None,https://airbnb.com/rooms/40752619?previous_page_section_name=1000&federated_search_id=fdd3cda7-7c35-4521-91e8-2aa80d0c2670
2,   Sunny  Spacious & Modern   Cleaned & Sanitized!,Private room, East Boston,44,2  , 1  , 1  , 2 shared baths,Wifi , Kitchen , Heating,None,https://airbnb.com/rooms/17974950?previous_page_section_name=1000&federated_search_id=fdd3cda7-7c35-4521-91e8-2aa80d0c2670
3, Live   Work   Stay   Easy   1BR in Cambridge,Entire serviced apartment, Cambridge,127,3  , 1  , 1  , 1 bath,Wifi , Kitchen,None,None,https://airbnb.com/rooms/45771644?previous_page_section_name=1000&federated_search_id=fdd3cda7-7c35-4521-91e8-2aa80d0c2670
4, Boston private room (2 5) Floor 2   Room #5,Private room, Jamaica Plain,29,1  , 1  , 1  , 1 shared bath,Free parking , Wifi , Kitchen , Heating,https://airbnb.com/rooms/37931130?previous_page_section_name=1000&federated_search_id=fdd3cda7-7c35-4521-91e8-2aa80d0c2670
5, Budget Room in Cambridge   Paris Concept,Private room, Cambridge,27,2  , 1  , 1  , 1 shared bath,Wifi , Kitchen , Heating,None,https://airbnb.com/rooms/29343335?previous_page_section_name=1000&federated_search_id=fdd3cda7-7c35-4521-91e8-2aa80d0c2670
6, Luxury 1 Bedroom Apartment Near MIT Harvard,Entire apartment, Cambridge,95,3  , 1  , 1  , 1 bath,Wifi , Kitchen , Heating,None,https://airbnb.com/rooms/46601986?previous_page_section_name=1000&federated_search_id=fdd3cda7-7c35-4521-91e8-2aa80d0c2670
7, Brilliant Back Bay 1 bed,Entire apartment, Back Bay,100,2  , 1  , 1  , 1 bath,Wifi , Kitchen , Heating,None,https://airbnb.com/rooms/37180881?previous_page_section_name=1000&federated_search_id=fdd3cda7-7c35-4521-91e8-2aa80d0c2670
8, A Nice & quiet room 3,Private room, Quincy,30,2  , Studio , 1  , 2 baths,Free parking , Wifi , Kitchen , Heating,https://airbnb.com/rooms/42925762?previous_page_section_name=1000&federated_search_id=fdd3cda7-7c35-4521-91e8-2aa80d0c2670
9, The Comfortable room near Train line,Private room, Malden,33,1  , 1  , 1  , 1.5 shared baths,Wifi , Heating,None,None,https://airbnb.com/rooms/26840752?previous_page_section_name=1000&federated_search_id=fdd3cda7-7c35-4521-91e8-2aa80d0c2670
10, A Nice & quiet Room #1,Private room, Quincy,30,2  , Studio , 1  , 2 shared baths,Free parking , Wifi , Kitchen , Heating,https://airbnb.com/rooms/42906450?previous_page_section_name=1000&federated_search_id=fdd3cda7-7c35-4521-91e8-2aa80d0c2670
11, Brand New  Luxury 1 Bed Apartment in the North End,Entire apartment, North End,80,2  , 1  , 1  , 1 bath,Wifi , Kitchen , Heating,None,https://airbnb.com/rooms/37709576?previous_page_section_name=1000&federated_search_id=fdd3cda7-7c35-4521-91e8-2aa80d0c2670
12, Art Room (Near Subway   2 stops from downtown),Private room, South Boston,38,2  , 1  , 1  , 1 shared bath,Wifi , Heating,None,None,https://airbnb.com/rooms/26893801?previous_page_section_name=1000&federated_search_id=fdd3cda7-7c35-4521-91e8-2aa80d0c2670
13,   Spacious  Modern & Comfy Professionally Cleaned!,Private room, East Boston,44,2  , 1  , 1  , 2.5 shared baths,Wifi , Kitchen , Heating,None,https://airbnb.com/rooms/22327141?previous_page_section_name=1000&federated_search_id=fdd3cda7-7c35-4521-91e8-2aa80d0c2670
14, Comfortable quite room ,Private room, Roxbury,30,1  , 1  , 1  , 1.5 baths,Free parking , Wifi , Kitchen , Heating,https://airbnb.com/rooms/13258244?previous_page_section_name=1000&federated_search_id=fdd3cda7-7c35-4521-91e8-2aa80d0c2670
15, (X6) Simple Little Stay,Entire apartment, Back Bay,77,2  , Studio , 1  , 1 bath,Wifi , Kitchen , Heating,None,https://airbnb.com/rooms/46880344?previous_page_section_name=1000&federated_search_id=fdd3cda7-7c35-4521-91e8-2aa80d0c2670
16,   Clean  Modern & Bright   Great Location  ,Private room, East Boston,44,2  , 1  , 1  , 2.5 shared baths,Wifi , Kitchen , Heating,None,https://airbnb.com/rooms/22327139?previous_page_section_name=1000&federated_search_id=fdd3cda7-7c35-4521-91e8-2aa80d0c2670
17, The Inn at Brookline  Executive King,Room, boutique hotel Coolidge Corner,115,2  , 1  , 1  , 1 private bath,Wifi , Heating,None,None,https://airbnb.com/rooms/39392790?previous_page_section_name=1000&federated_search_id=fdd3cda7-7c35-4521-91e8-2aa80d0c2670
18, 1 Bedroom with Cambridge Views  walk to MIT Harvard!,Entire apartment, Cambridge,95,3  , 1  , 1  , 1 bath,Wifi , Kitchen , Heating,None,https://airbnb.com/rooms/46602118?previous_page_section_name=1000&federated_search_id=fdd3cda7-7c35-4521-91e8-2aa80d0c2670
19, Seagulls & Sunsets   Click picture ,Private room, Hull,38,1  , 1  , 1  , 1.5 shared baths,Free parking , Wifi , Kitchen , Heating,https://airbnb.com/rooms/4285672?previous_page_section_name=1000&federated_search_id=fdd3cda7-7c35-4521-91e8-2aa80d0c2670
0, Private bedroom close to MIT & Central Sq,Private room, Cambridge,45,2  , 1  , 1  , 2 shared baths,Wifi , Kitchen , Heating,None,https://airbnb.com/rooms/45180951?previous_page_section_name=1000&federated_search_id=e216e7ef-6881-4e5b-a5cc-ea7c2541c69c
1, Cozy & Clean,Private room, Everett,45,2  , 1  , 1  , 1 shared bath,Free parking , Wifi , Kitchen , Heating,https://airbnb.com/rooms/44994653?previous_page_section_name=1000&federated_search_id=e216e7ef-6881-4e5b-a5cc-ea7c2541c69c
2, High class private room next to MIT Harvard 2,Private room, Cambridge,45,2  , 1  , 1  , 1.5 shared baths,Wifi , Kitchen , Heating,None,https://airbnb.com/rooms/32901476?previous_page_section_name=1000&federated_search_id=e216e7ef-6881-4e5b-a5cc-ea7c2541c69c
3, Shelly's Golden Room,Private room, East Boston,57,2  , 1  , 2  , 1 shared bath,Wifi , Kitchen , Heating,None,https://airbnb.com/rooms/34242176?previous_page_section_name=1000&federated_search_id=e216e7ef-6881-4e5b-a5cc-ea7c2541c69c
4, Huge Stylish Studio in Theatre District   Evonify,Entire apartment, Downtown,69,4  , 1  , 1  , 1 bath,Wifi , Kitchen , Heating,None,https://airbnb.com/rooms/47090495?previous_page_section_name=1000&federated_search_id=e216e7ef-6881-4e5b-a5cc-ea7c2541c69c
5, En suite w  King bed (Boston Common),Private room, Roxbury,40,2  , 1  , 1  , 1 private bath,Wifi , Kitchen , Heating,None,https://airbnb.com/rooms/33016886?previous_page_section_name=1000&federated_search_id=e216e7ef-6881-4e5b-a5cc-ea7c2541c69c
6, Get to The Point and the beach!,Entire guest suite, Winthrop,77,2  , 1  , 1  , 1 bath,Free parking , Wifi , Heating,None,https://airbnb.com/rooms/31539857?previous_page_section_name=1000&federated_search_id=e216e7ef-6881-4e5b-a5cc-ea7c2541c69c
7, Private bedroom close to Central Sq & BU,Private room, Cambridge,45,4  , 1  , 2  , 2 shared baths,Wifi , Kitchen , Heating,None,https://airbnb.com/rooms/45144603?previous_page_section_name=1000&federated_search_id=e216e7ef-6881-4e5b-a5cc-ea7c2541c69c
8, (K A)  Brand New Studio Kenmore Sq!,Entire apartment, Fenway/Kenmore,90,2  , Studio , 1  , 1 bath,Wifi , Kitchen , Heating,None,https://airbnb.com/rooms/46966098?previous_page_section_name=1000&federated_search_id=e216e7ef-6881-4e5b-a5cc-ea7c2541c69c
9, The Green Room,Private room, Roxbury,40,2  , 1  , 1  , 1 shared bath,Free parking , Wifi , Heating,None,https://airbnb.com/rooms/43012146?previous_page_section_name=1000&federated_search_id=e216e7ef-6881-4e5b-a5cc-ea7c2541c69c
10, Charming & Stylish Studio on Beacon Hill #6,Entire apartment, Beacon Hill,78,2  , 1  , 1  , 1 bath,Wifi , Kitchen , Heating,None,https://airbnb.com/rooms/7513906?previous_page_section_name=1000&federated_search_id=e216e7ef-6881-4e5b-a5cc-ea7c2541c69c
11, Stylish Studio in the Back Bay  on Newbury St   #9,Entire apartment, Back Bay,74,2  , 1  , 1  , 1 bath,Wifi , Kitchen , Heating,None,https://airbnb.com/rooms/21486679?previous_page_section_name=1000&federated_search_id=e216e7ef-6881-4e5b-a5cc-ea7c2541c69c
12, LIVING IN THE CITY CLOSE TO HARVARD&MIT,Private room, Cambridge,41,2  , 1  , 2  , 1 shared bath,Wifi , Heating,None,None,https://airbnb.com/rooms/26429034?previous_page_section_name=1000&federated_search_id=e216e7ef-6881-4e5b-a5cc-ea7c2541c69c
13, Lovely 2 bed in South End   Walk to everything!,Entire condominium, South End,49,2  , 2  , 2  , 1 bath,Kitchen , Heating,None,None,https://airbnb.com/rooms/46733329?previous_page_section_name=1000&federated_search_id=e216e7ef-6881-4e5b-a5cc-ea7c2541c69c
14, Sunny studio right next to Boston University611,Entire apartment, Allston-Brighton,87,2  , 1  , 1  , 1 bath,Wifi , Kitchen , Heating,None,https://airbnb.com/rooms/38129864?previous_page_section_name=1000&federated_search_id=e216e7ef-6881-4e5b-a5cc-ea7c2541c69c
15, WALK to HARVARD&MIT with MEMORY BED 4,Private room, Cambridge,39,2  , 1  , 2  , 2 shared baths,Wifi , Heating,None,None,https://airbnb.com/rooms/19346242?previous_page_section_name=1000&federated_search_id=e216e7ef-6881-4e5b-a5cc-ea7c2541c69c
16, Quiet street in heart of Somerville,Entire apartment, Somerville,59,2  , 1  , 1  , 1 bath,Wifi , Kitchen , Heating,None,https://airbnb.com/rooms/16441172?previous_page_section_name=1000&federated_search_id=e216e7ef-6881-4e5b-a5cc-ea7c2541c69c
17, (3C) LIVING IN THE CITY CLOSE TO HARVARD&MIT,Private room, Cambridge,39,2  , 1  , 2  , 1 shared bath,Wifi , Heating,None,None,https://airbnb.com/rooms/24888817?previous_page_section_name=1000&federated_search_id=e216e7ef-6881-4e5b-a5cc-ea7c2541c69c
18,  REMARKABLE COZY ROOM!!! CLOSE TO HARVARD  SQUARE✅,Private room, Watertown,43,2  , 1  , 1  , 1 shared bath,Free parking , Wifi , Kitchen , Heating,https://airbnb.com/rooms/39950998?previous_page_section_name=1000&federated_search_id=e216e7ef-6881-4e5b-a5cc-ea7c2541c69c
19, 607  True One Bedroom In Downtown Boston!,Entire apartment, Downtown Crossing,73,3  , 1  , 1  , 1 bath,Wifi , Kitchen , Heating,None,https://airbnb.com/rooms/32330037?previous_page_section_name=1000&federated_search_id=e216e7ef-6881-4e5b-a5cc-ea7c2541c69c
0, Loft with water view deck unit #8,Entire loft, Chelsea,79,2  , Studio , 0  , 1 bath,Wifi , Air conditioning , Kitchen , Free parking,https://airbnb.com/rooms/12324063?previous_page_section_name=1000&federated_search_id=5cc5cc9c-b42e-472a-a81c-32137c571525
1, Seagulls & Sunsets   Click picture ,Private room, Hull,38,1  , 1  , 1  , 1.5 shared baths,Wifi , Kitchen , Free parking , Washer,https://airbnb.com/rooms/4285672?previous_page_section_name=1000&federated_search_id=5cc5cc9c-b42e-472a-a81c-32137c571525
2, Clean apartment home   1BR in Boston,Entire serviced apartment, Jamaica Plain,157,3  , 1  , 1  , 1 bath,Wifi , Pool , Kitchen , Pets allowed,https://airbnb.com/rooms/43846054?previous_page_section_name=1000&federated_search_id=5cc5cc9c-b42e-472a-a81c-32137c571525
3, Nancy's Place,Private room, Revere,45,2  , 1  , 1  , 1 shared bath,Wifi , Air conditioning , Free parking,None,https://airbnb.com/rooms/20988608?previous_page_section_name=1000&federated_search_id=5cc5cc9c-b42e-472a-a81c-32137c571525
4, Master Bedroom w  private bathroom near Longwood S,Private room, Brookline,33,2  , 1  , 1  , 2 baths,Wifi , Air conditioning , Kitchen , Washer,https://airbnb.com/rooms/13942753?previous_page_section_name=1000&federated_search_id=5cc5cc9c-b42e-472a-a81c-32137c571525
5, Guest Room in Cozy Place,Private room, Malden,35,2  , 1  , 1  , 1 shared bath,Wifi , Air conditioning , Kitchen , Washer,https://airbnb.com/rooms/37703980?previous_page_section_name=1000&federated_search_id=5cc5cc9c-b42e-472a-a81c-32137c571525
6, Modica Estate #3,Private room, Cambridge,47,1  , 1  , 1  , 1 shared bath,Wifi , Air conditioning , Kitchen , Washer,https://airbnb.com/rooms/25483626?previous_page_section_name=1000&federated_search_id=5cc5cc9c-b42e-472a-a81c-32137c571525
7, The Godfrey Hotel Boston  King,Room, boutique hotel Downtown,139,2  , 1  , 1  , 1 private bath,Wifi , Air conditioning , Gym,None,https://airbnb.com/rooms/36269353?previous_page_section_name=1000&federated_search_id=5cc5cc9c-b42e-472a-a81c-32137c571525
8, Sweet Sunny Spacious Cambridgeport 1 BR,Entire apartment, Cambridge,120,2  , 1  , 1  , 1 bath,Wifi , Kitchen , Pets allowed , Washer,https://airbnb.com/rooms/41379642?previous_page_section_name=1000&federated_search_id=5cc5cc9c-b42e-472a-a81c-32137c571525
9, Spacious room convenient to subway,Private room, Jamaica Plain,48,1  , 1  , 1  , 1 bath,Wifi , Air conditioning,None,None,https://airbnb.com/rooms/6248970?previous_page_section_name=1000&federated_search_id=5cc5cc9c-b42e-472a-a81c-32137c571525
10, Spacious loft in the quiet suburbs #4,Private room, Allston-Brighton,36,1  , 1  , 1  , 1 shared bath,Wifi , Air conditioning , Kitchen , Free parking,https://airbnb.com/rooms/13166405?previous_page_section_name=1000&federated_search_id=5cc5cc9c-b42e-472a-a81c-32137c571525
11, (104) Back Bay Studio   Prime Location  St Botolph,Entire apartment, Back Bay,75,2  , 1  , 1  , 1 bath,Wifi , Air conditioning , Kitchen , Pets allowed,https://airbnb.com/rooms/20635474?previous_page_section_name=1000&federated_search_id=5cc5cc9c-b42e-472a-a81c-32137c571525
12, Cozy & Clean,Private room, Everett,45,2  , 1  , 1  , 1 shared bath,Wifi , Kitchen , Free parking , Washer,https://airbnb.com/rooms/44994653?previous_page_section_name=1000&federated_search_id=5cc5cc9c-b42e-472a-a81c-32137c571525
13, Large private room near Boston,Private room, Watertown,40,1  , 1  , 1  , 1.5 shared baths,Wifi , Air conditioning , Kitchen , Washer,https://airbnb.com/rooms/46180532?previous_page_section_name=1000&federated_search_id=5cc5cc9c-b42e-472a-a81c-32137c571525
14, Second Oldest Home in Beacon Hill,Entire apartment, Beacon Hill,106,3  , Studio , 2  , 1 bath,Wifi , Air conditioning , Washer , Dryer,https://airbnb.com/rooms/11202183?previous_page_section_name=1000&federated_search_id=5cc5cc9c-b42e-472a-a81c-32137c571525
15, Luxury 2BR in Southend near SoWa   Evonify,Entire apartment, South End,68,6  , 2  , 3  , 1.5 baths,Wifi , Air conditioning , Kitchen , Pets allowed,https://airbnb.com/rooms/45439188?previous_page_section_name=1000&federated_search_id=5cc5cc9c-b42e-472a-a81c-32137c571525
16, Cozy renewed 1 bedroom in Allston,Entire apartment, Allston-Brighton,60,1,1,1,1,Air conditioning , Kitchen , Pets allowed , Washer,https://airbnb.com/rooms/40752619?previous_page_section_name=1000&federated_search_id=5cc5cc9c-b42e-472a-a81c-32137c571525
17, Chic 1 Bedroom by Boston Financial District,Entire apartment, Chinatown,120,3  , 1  , 1  , 1 bath,Wifi , Kitchen , Pets allowed , Gym,https://airbnb.com/rooms/45689388?previous_page_section_name=1000&federated_search_id=5cc5cc9c-b42e-472a-a81c-32137c571525
18, En suite w  King bed (Boston Common),Private room, Roxbury,40,2  , 1  , 1  , 1 private bath,Wifi , Air conditioning , Kitchen , Self check-in,https://airbnb.com/rooms/33016886?previous_page_section_name=1000&federated_search_id=5cc5cc9c-b42e-472a-a81c-32137c571525
19, (PR2) Beautiful City Living!,Entire apartment, Back Bay,104,2  , Studio , 1  , 1 bath,Wifi , Air conditioning , Kitchen , Pets allowed,https://airbnb.com/rooms/41886997?previous_page_section_name=1000&federated_search_id=5cc5cc9c-b42e-472a-a81c-32137c571525
0, Large  Sun Drenched 2 bed 2 bath in Little Italy,Entire apartment, North End,108,4  , 2  , 2  , 2 baths,Air conditioning , Kitchen , Washer , Dryer,https://airbnb.com/rooms/44889565?previous_page_section_name=1000&federated_search_id=81d55a07-1402-486e-adcb-eb2b458069f7
1, Super clean and cozy studio in East Cambridge,Entire apartment, Cambridge,100,3  , 1  , 1  , 1 bath,Wifi , Air conditioning , Kitchen , Hot tub,https://airbnb.com/rooms/46925353?previous_page_section_name=1000&federated_search_id=81d55a07-1402-486e-adcb-eb2b458069f7
2, Gorgeous 1BR in Downtown   100 WalkScore   Evonify,Entire apartment, Chinatown,71,4  , 1  , 1  , 1 bath,Wifi , Air conditioning , Kitchen , Pets allowed,https://airbnb.com/rooms/42743472?previous_page_section_name=1000&federated_search_id=81d55a07-1402-486e-adcb-eb2b458069f7
3, Urban oasis   Parking Downtown Airport,Entire apartment, East Boston,80,6  , 2  , 3  , 2 baths,Wifi , Air conditioning , Kitchen , Free parking,https://airbnb.com/rooms/42644088?previous_page_section_name=1000&federated_search_id=81d55a07-1402-486e-adcb-eb2b458069f7
4, Very comfy room with all you need and more ,Private room, Roxbury,30,1  , 1  , 1  , 1 shared bath,Wifi , Kitchen , Washer , Dryer,https://airbnb.com/rooms/23842606?previous_page_section_name=1000&federated_search_id=81d55a07-1402-486e-adcb-eb2b458069f7
5,  Chic & Comfort Boston Studio near Subway510,Entire apartment, Brookline,85,4  , 1  , 1  , 1 bath,Wifi , Air conditioning , Kitchen , Elevator,https://airbnb.com/rooms/38179248?previous_page_section_name=1000&federated_search_id=81d55a07-1402-486e-adcb-eb2b458069f7
6, Live   Work   Stay   Easy   1BR in Melrose,Entire serviced apartment, Malden,164,3  , 1  , 1  , 1 bath,Wifi , Kitchen , Pets allowed , Gym,https://airbnb.com/rooms/45878382?previous_page_section_name=1000&federated_search_id=81d55a07-1402-486e-adcb-eb2b458069f7
7, (PR2) Beautiful City Living!,Entire apartment, Back Bay,104,2  , Studio , 1  , 1 bath,Wifi , Air conditioning , Kitchen , Pets allowed,https://airbnb.com/rooms/41886997?previous_page_section_name=1000&federated_search_id=81d55a07-1402-486e-adcb-eb2b458069f7
8, (X9) Back Bay  Simple Little Studio,Entire apartment, Back Bay,84,2  , Studio , 2  , 1 bath,Wifi , Air conditioning , Kitchen , Washer,https://airbnb.com/rooms/33250560?previous_page_section_name=1000&federated_search_id=81d55a07-1402-486e-adcb-eb2b458069f7
9, Dog Friendly   10 mins from Downtown Boston,Entire apartment, Allston-Brighton,61,2  , 1  , 1  , 1 bath,Wifi , Air conditioning , Kitchen , Pets allowed,https://airbnb.com/rooms/46388603?previous_page_section_name=1000&federated_search_id=81d55a07-1402-486e-adcb-eb2b458069f7
10, Newly Renovated Boston College Studio,Entire guest suite, Allston-Brighton,53,2  , Studio , 1  , 1 bath,Wifi , Air conditioning , Free parking , Washer,https://airbnb.com/rooms/22886713?previous_page_section_name=1000&federated_search_id=81d55a07-1402-486e-adcb-eb2b458069f7
11, Cozy Studio,Entire apartment, Allston-Brighton,48,1  , Studio , 1  , 1 bath,Wifi , Air conditioning , Kitchen , Washer,https://airbnb.com/rooms/45133862?previous_page_section_name=1000&federated_search_id=81d55a07-1402-486e-adcb-eb2b458069f7
12, Furnished Room in Convenient Brighton Location,Private room, Allston-Brighton,43,1  , 1  , 1  , 4 shared baths,Wifi , Air conditioning , Kitchen , Washer,https://airbnb.com/rooms/45060373?previous_page_section_name=1000&federated_search_id=81d55a07-1402-486e-adcb-eb2b458069f7
13, 1 Bed with floor to ceiling windows,Entire apartment, Fenway/Kenmore,140,3  , 1  , 1  , 1 bath,Wifi , Kitchen , Pets allowed , Gym,https://airbnb.com/rooms/46085675?previous_page_section_name=1000&federated_search_id=81d55a07-1402-486e-adcb-eb2b458069f7
14, WALK to HARVARD&MIT with MEMORY BED 5,Private room, Cambridge,41,2  , 1  , 1  , 2 shared baths,Wifi , Air conditioning , Self check-in,None,https://airbnb.com/rooms/19911587?previous_page_section_name=1000&federated_search_id=81d55a07-1402-486e-adcb-eb2b458069f7
15, Live   Work   Stay   Easy   1BR in Melrose,Entire serviced apartment, Malden,168,3  , 1  , 1  , 1 bath,Wifi , Kitchen , Pets allowed , Gym,https://airbnb.com/rooms/45878371?previous_page_section_name=1000&federated_search_id=81d55a07-1402-486e-adcb-eb2b458069f7
16, 3 Bedroom in Fenway  Close to Hospitals! w d,Entire apartment, Fenway/Kenmore,111,5  , 3  , 3  , 1 bath,Wifi , Air conditioning , Kitchen , Washer,https://airbnb.com/rooms/47020568?previous_page_section_name=1000&federated_search_id=81d55a07-1402-486e-adcb-eb2b458069f7
17, WALK to HARVARD&MIT with MEMORY BED 4,Private room, Cambridge,39,2  , 1  , 2  , 2 shared baths,Wifi , Air conditioning , Self check-in,None,https://airbnb.com/rooms/19346242?previous_page_section_name=1000&federated_search_id=81d55a07-1402-486e-adcb-eb2b458069f7
18, Chic & Comfort Boston Studio near Subway516,Entire apartment, Allston-Brighton,81,2  , 1  , 1  , 1 bath,Wifi , Air conditioning , Kitchen , Elevator,https://airbnb.com/rooms/38128527?previous_page_section_name=1000&federated_search_id=81d55a07-1402-486e-adcb-eb2b458069f7
19, SUPERIOR ROOM,Hotel room, Back Bay,117,2  , 1  , 1  , 1 bath,Wifi , Air conditioning , Pets allowed , Gym,https://airbnb.com/rooms/43715032?previous_page_section_name=1000&federated_search_id=81d55a07-1402-486e-adcb-eb2b458069f7
0, Private cozy  Green Room @ The Washburn!,Private room, Chelsea,40,2  , 1  , 1  , 1 shared bath,Wifi , Air conditioning , Kitchen , Free parking,https://airbnb.com/rooms/9282334?previous_page_section_name=1000&federated_search_id=60ae160c-4c26-4133-8e28-d58961b96009
1, (3A) LIVING IN THE CITY CLOSE TO HARVARD&MIT,Private room, Cambridge,39,2  , 1  , 2  , 1 shared bath,Wifi , Air conditioning , Self check-in,None,https://airbnb.com/rooms/24886707?previous_page_section_name=1000&federated_search_id=60ae160c-4c26-4133-8e28-d58961b96009
2, A Stylish Stay w  a Queen Bed  Heated Floors   #34,Entire loft, Coolidge Corner,68,2  , 1  , 1  , 1 bath,Wifi , Air conditioning , Kitchen , Elevator,https://airbnb.com/rooms/17654520?previous_page_section_name=1000&federated_search_id=60ae160c-4c26-4133-8e28-d58961b96009
3, A Stylish Stay w  a Queen Bed  Heated Floors   #25,Entire loft, Coolidge Corner,66,2  , 1  , 1  , 1 bath,Wifi , Air conditioning , Kitchen , Elevator,https://airbnb.com/rooms/17654157?previous_page_section_name=1000&federated_search_id=60ae160c-4c26-4133-8e28-d58961b96009
4, Budget Room in Cambridge   Paris Concept,Private room, Cambridge,27,2  , 1  , 1  , 1 shared bath,Wifi , Air conditioning , Kitchen , Self check-in,https://airbnb.com/rooms/29343335?previous_page_section_name=1000&federated_search_id=60ae160c-4c26-4133-8e28-d58961b96009
5, Hey Private Room close to MIT and Harvard Uni,Private room, Cambridge,45,4  , 1  , 2  , 1.5 shared baths,Wifi , Air conditioning , Kitchen , Washer,https://airbnb.com/rooms/32986957?previous_page_section_name=1000&federated_search_id=60ae160c-4c26-4133-8e28-d58961b96009
6, R2 Private room in Everett near Boston near Casino,Private room, Everett,42,2  , 1  , 1  , 1 shared bath,Wifi , Air conditioning,None,None,https://airbnb.com/rooms/31099283?previous_page_section_name=1000&federated_search_id=60ae160c-4c26-4133-8e28-d58961b96009
7, Chic quiet room 3 (Near BU Downtown Fenway HMS),Private room, Brookline,60,1  , 1  , 1  , 1 shared bath,Wifi , Air conditioning , Kitchen , Free parking,https://airbnb.com/rooms/18295772?previous_page_section_name=1000&federated_search_id=60ae160c-4c26-4133-8e28-d58961b96009
8, I1 Private Room by Kendall,Private room, Cambridge,45,4  , 1  , 1  , 1 shared bath,Wifi , Air conditioning , Kitchen,None,https://airbnb.com/rooms/28988139?previous_page_section_name=1000&federated_search_id=60ae160c-4c26-4133-8e28-d58961b96009
9, CambridgeBest2 bed 2 bath 1 kitchen apt 1 parking,Entire apartment, Cambridge,59,3  , 2  , 2  , 2 baths,Wifi , Air conditioning , Kitchen , Free parking,https://airbnb.com/rooms/46778268?previous_page_section_name=1000&federated_search_id=60ae160c-4c26-4133-8e28-d58961b96009
10, Private basement guest room in a cozy home,Private room, Roslindale,50,2  , 1  , 1  , 1 private bath,Wifi , Kitchen , Free parking,None,https://airbnb.com/rooms/37461678?previous_page_section_name=1000&federated_search_id=60ae160c-4c26-4133-8e28-d58961b96009
11, Luxury 2BR in Southend near SoWa   Evonify,Entire apartment, South End,68,6  , 2  , 3  , 1.5 baths,Wifi , Air conditioning , Kitchen , Pets allowed,https://airbnb.com/rooms/45439188?previous_page_section_name=1000&federated_search_id=60ae160c-4c26-4133-8e28-d58961b96009
12, Downtown Boston UMASS Lovely Private Room(4),Private room, Dorchester,51,2  , 1  , 1  , 1 shared bath,Wifi , Air conditioning , Kitchen , Washer,https://airbnb.com/rooms/40485818?previous_page_section_name=1000&federated_search_id=60ae160c-4c26-4133-8e28-d58961b96009
13, New 3 Bed 2 Bath Tourist House near Kendall Square,Entire serviced apartment, Cambridge,80,7  , 3  , 5  , 2 baths,Wifi , Air conditioning , Kitchen , Washer,https://airbnb.com/rooms/33340302?previous_page_section_name=1000&federated_search_id=60ae160c-4c26-4133-8e28-d58961b96009
14, Nice Queen size bedroom  near T,Private room, Somerville,39,1  , 1  , 1  , 1 shared bath,Wifi , Kitchen , Free parking,None,https://airbnb.com/rooms/6812982?previous_page_section_name=1000&federated_search_id=60ae160c-4c26-4133-8e28-d58961b96009
15, Gorgeous 2BR in Downtown Boston   Evonify,Entire apartment, Downtown,83,6  , 2  , 2  , 1 bath,Wifi , Air conditioning , Kitchen , Pets allowed,https://airbnb.com/rooms/46579459?previous_page_section_name=1000&federated_search_id=60ae160c-4c26-4133-8e28-d58961b96009
16, This is your place!!! Clean  organized and cozy ,Private room, Malden,45,2  , 1  , 1  , 2 shared baths,Wifi , Air conditioning , Kitchen , Free parking,https://airbnb.com/rooms/35805647?previous_page_section_name=1000&federated_search_id=60ae160c-4c26-4133-8e28-d58961b96009
17, Modern design   200mbps Wifi   Pet Friendly 1BR,Entire apartment, Financial District,102,4  , 1  , 1  , 1 bath,Wifi , Air conditioning , Kitchen , Elevator,https://airbnb.com/rooms/36770685?previous_page_section_name=1000&federated_search_id=60ae160c-4c26-4133-8e28-d58961b96009
18, Private parking(sedan size)  Clean  Comfy room@2,Private room, East Boston,45,2  , 1  , 1  , 2 shared baths,Wifi , Air conditioning , Waterfront,None,https://airbnb.com/rooms/25328440?previous_page_section_name=1000&federated_search_id=60ae160c-4c26-4133-8e28-d58961b96009
19, A Stylish Stay w  a Queen Bed  Heated Floors   #32,Entire loft, Coolidge Corner,65,2  , 1  , 1  , 1 bath,Wifi , Air conditioning , Kitchen , Elevator,https://airbnb.com/rooms/17654443?previous_page_section_name=1000&federated_search_id=60ae160c-4c26-4133-8e28-d58961b96009
0, Live   Work   Stay   Easy   2BR in Cambridge,Entire serviced apartment, Cambridge,183,5  , 2  , 2  , 2 baths,Wifi , Kitchen , Pets allowed , Gym,https://airbnb.com/rooms/47131483?previous_page_section_name=1000&federated_search_id=16ba87dd-72c4-486b-abda-15f3229065a5
1, Modern in Historic Charles Designed Studio #7,Entire apartment, Beacon Hill,84,2  , 1  , 1  , 1 bath,Wifi , Air conditioning , Kitchen , Elevator,https://airbnb.com/rooms/19308998?previous_page_section_name=1000&federated_search_id=16ba87dd-72c4-486b-abda-15f3229065a5
2, Luxury Two Bedroom in Kendall Square near MIT  Harvard,Entire apartment, Cambridge,140,5  , 2  , 2  , 2 baths,Wifi , Kitchen , Pets allowed , Gym,https://airbnb.com/rooms/45732378?previous_page_section_name=1000&federated_search_id=16ba87dd-72c4-486b-abda-15f3229065a5
3, The Inn at Brookline  Executive King,Room, boutique hotel Coolidge Corner,115,2  , 1  , 1  , 1 private bath,Wifi , Air conditioning , Gym , Elevator,https://airbnb.com/rooms/39392790?previous_page_section_name=1000&federated_search_id=16ba87dd-72c4-486b-abda-15f3229065a5
4, (3B) LIVING IN THE CITY  CLOSE TO HARVARD&MIT,Private room, Cambridge,42,3  , 1  , 3  , 1 shared bath,Wifi , Air conditioning , Self check-in,None,https://airbnb.com/rooms/24888098?previous_page_section_name=1000&federated_search_id=16ba87dd-72c4-486b-abda-15f3229065a5
5, Corner Room in Shared Apt,Private room, Cambridge,31,2  , 1  , 1  , 1 shared bath,Wifi , Kitchen,None,None,https://airbnb.com/rooms/1203031?previous_page_section_name=1000&federated_search_id=16ba87dd-72c4-486b-abda-15f3229065a5
6, Lovely Place in Jamaica Plain Room #2,Private room, Jamaica Plain,40,2  , 1  , 1  , 1 shared bath,Wifi , Kitchen , Free parking , Breakfast,https://airbnb.com/rooms/42404818?previous_page_section_name=1000&federated_search_id=16ba87dd-72c4-486b-abda-15f3229065a5
7, Furnished Room in Convenient Brighton Location,Private room, Allston-Brighton,43,1  , 1  , 1  , 4 shared baths,Wifi , Air conditioning , Kitchen , Washer,https://airbnb.com/rooms/45060373?previous_page_section_name=1000&federated_search_id=16ba87dd-72c4-486b-abda-15f3229065a5
8, 哈佛附近温馨精细卧室出租,Private room, Cambridge,52,1  , 1  , 1  , 1 shared bath,Wifi , Kitchen , Elevator , Washer,https://airbnb.com/rooms/30323319?previous_page_section_name=1000&federated_search_id=16ba87dd-72c4-486b-abda-15f3229065a5
9, Art Room (Near Subway   2 stops from downtown),Private room, South Boston,38,2  , 1  , 1  , 1 shared bath,Wifi , Air conditioning , Washer , Dryer,https://airbnb.com/rooms/26893801?previous_page_section_name=1000&federated_search_id=16ba87dd-72c4-486b-abda-15f3229065a5
10, Ball Square Oasis,Entire condominium, Somerville,62,2  , 1  , 1  , 1 bath,Wifi , Indoor fireplace , Washer , Dryer,https://airbnb.com/rooms/36805786?previous_page_section_name=1000&federated_search_id=16ba87dd-72c4-486b-abda-15f3229065a5
11, Convenient to Boston & Cambridge   Large Room,Private room, Somerville,43,1  , 1  , 1  , 1.5 shared baths,Wifi , Air conditioning , Kitchen , Washer,https://airbnb.com/rooms/18187089?previous_page_section_name=1000&federated_search_id=16ba87dd-72c4-486b-abda-15f3229065a5
12, Walk to Airport  5 min to Downtown,Entire apartment, East Boston,85,6  , 2  , 3  , 1 bath,Wifi , Air conditioning , Kitchen,None,https://airbnb.com/rooms/28868366?previous_page_section_name=1000&federated_search_id=16ba87dd-72c4-486b-abda-15f3229065a5
13, Stylish Studio in Theatre District   Evonify,Entire apartment, Chinatown,56,3  , 1  , 1  , 1 bath,Wifi , Air conditioning , Kitchen , Pets allowed,https://airbnb.com/rooms/44121627?previous_page_section_name=1000&federated_search_id=16ba87dd-72c4-486b-abda-15f3229065a5
14, Private Room Near Boston with Steady Roommates,Private room, Watertown,25,1  , 1  , 1  , 1.5 shared baths,Wifi , Air conditioning , Kitchen , Washer,https://airbnb.com/rooms/45070563?previous_page_section_name=1000&federated_search_id=16ba87dd-72c4-486b-abda-15f3229065a5
15, Stunning 2BR in Downtown Boston   Evonify,Entire apartment, Downtown,91,6  , 2  , 2  , 1 bath,Wifi , Air conditioning , Kitchen , Pets allowed,https://airbnb.com/rooms/46020985?previous_page_section_name=1000&federated_search_id=16ba87dd-72c4-486b-abda-15f3229065a5
16, Budget Room in Cambridge   Woof Concept,Private room, Cambridge,27,2  , 1  , 1  , 1.5 shared baths,Wifi , Air conditioning , Kitchen , Self check-in,https://airbnb.com/rooms/29806399?previous_page_section_name=1000&federated_search_id=16ba87dd-72c4-486b-abda-15f3229065a5
17, Large room in Jamaica Plain  plenty natural light,Private room, Jamaica Plain,45,1,1,1,1,Wifi , Air conditioning , Kitchen , Free parking,https://airbnb.com/rooms/45862289?previous_page_section_name=1000&federated_search_id=16ba87dd-72c4-486b-abda-15f3229065a5
18, NEAR HARVARD BUSINESS SCHOOL WITH MEMORY BED 1,Private room, Allston-Brighton,42,4  , 1  , 4  , 1 shared bath,Wifi , Air conditioning , Self check-in,None,https://airbnb.com/rooms/34096297?previous_page_section_name=1000&federated_search_id=16ba87dd-72c4-486b-abda-15f3229065a5
19, joyful private room next to central sq MIT 3,Private room, Cambridge,45,4  , 1  , 2  , 2 shared baths,Wifi , Air conditioning , Kitchen,None,https://airbnb.com/rooms/33072838?previous_page_section_name=1000&federated_search_id=16ba87dd-72c4-486b-abda-15f3229065a5
0, Private bedroom in South Boston nr Downtown 130 1C,Private room, South Boston,39,1  , 1  , 1  , 2 shared baths,Wifi , Kitchen , Heating,None,https://airbnb.com/rooms/38164617?previous_page_section_name=1000&federated_search_id=264e03a5-c07b-4873-9713-5721028a5350
1, Stylish Bedroom in Coolidge Corner,Private room, Coolidge Corner,48,2  , 1  , 1  , 1 shared bath,Wifi , Kitchen , Heating,None,https://airbnb.com/rooms/45550095?previous_page_section_name=1000&federated_search_id=264e03a5-c07b-4873-9713-5721028a5350
2, Chic & Comfort Boston Studio near Subway516,Entire apartment, Allston-Brighton,81,2  , 1  , 1  , 1 bath,Wifi , Kitchen , Heating,None,https://airbnb.com/rooms/38128527?previous_page_section_name=1000&federated_search_id=264e03a5-c07b-4873-9713-5721028a5350
3, Private bedroom close to MIT & Central Sq,Private room, Cambridge,45,2  , 1  , 1  , 2 shared baths,Wifi , Kitchen , Heating,None,https://airbnb.com/rooms/45180951?previous_page_section_name=1000&federated_search_id=264e03a5-c07b-4873-9713-5721028a5350
4, Entire 1 Bedroom Apartment in Boston,Entire apartment, Fenway/Kenmore,150,3  , 1  , 1  , 1 bath,Wifi , Kitchen , Heating,None,https://airbnb.com/rooms/46730228?previous_page_section_name=1000&federated_search_id=264e03a5-c07b-4873-9713-5721028a5350
5, Hey Private Room close to MIT and Harvard Uni,Private room, Cambridge,45,4  , 1  , 2  , 1.5 shared baths,Wifi , Kitchen , Heating,None,https://airbnb.com/rooms/32986957?previous_page_section_name=1000&federated_search_id=264e03a5-c07b-4873-9713-5721028a5350
6, Budget Studio in Back Bay,Room, boutique hotel Back Bay,92,2  , Studio , 1  , 1 private bath,Wifi , Kitchen , Heating,None,https://airbnb.com/rooms/35916196?previous_page_section_name=1000&federated_search_id=264e03a5-c07b-4873-9713-5721028a5350
7, Bedroom w shared kitchen  bathroom & living room,Private room, Watertown,39,2  , 1  , 1  , 1 shared bath,Free parking , Wifi , Kitchen , Heating,https://airbnb.com/rooms/17544249?previous_page_section_name=1000&federated_search_id=264e03a5-c07b-4873-9713-5721028a5350
8, Cozy with roof top deck   parking downtown airport,Entire apartment, East Boston,80,4  , 1  , 2  , 1 bath,Free parking , Wifi , Kitchen , Heating,https://airbnb.com/rooms/40991291?previous_page_section_name=1000&federated_search_id=264e03a5-c07b-4873-9713-5721028a5350
9, Perfect for the Summer w  cool A C near Red Line,Private room, Dorchester,45,1  , 1  , 1  , 1.5 baths,Free parking , Wifi , Kitchen , Heating,https://airbnb.com/rooms/33682929?previous_page_section_name=1000&federated_search_id=264e03a5-c07b-4873-9713-5721028a5350
10, 1BD Apt in Back Bay  Isolate by Charles River,Entire apartment, Back Bay,91,2  , Studio , 1  , 1 bath,Wifi , Kitchen , Heating,None,https://airbnb.com/rooms/45652037?previous_page_section_name=1000&federated_search_id=264e03a5-c07b-4873-9713-5721028a5350
11, Spacious in heart of city Parking Downtown Airport,Entire apartment, East Boston,80,5  , 2  , 2  , 2 baths,Free parking , Wifi , Kitchen , Heating,https://airbnb.com/rooms/42963569?previous_page_section_name=1000&federated_search_id=264e03a5-c07b-4873-9713-5721028a5350
12, Find Home with Modern JFK UMass Living,Private room, Dorchester,40,1  , 1  , 1  , 1 shared bath,Wifi , Kitchen , Heating,None,https://airbnb.com/rooms/42869298?previous_page_section_name=1000&federated_search_id=264e03a5-c07b-4873-9713-5721028a5350
13, I1 Private Room by Kendall,Private room, Cambridge,45,4  , 1  , 1  , 1 shared bath,Wifi , Kitchen , Heating,None,https://airbnb.com/rooms/28988139?previous_page_section_name=1000&federated_search_id=264e03a5-c07b-4873-9713-5721028a5350
14, V3  10 Min Walk to Harvard  15 Min to T Subway,Private room, Somerville,49,2  , 1  , 0  , 2 shared baths,Wifi , Kitchen , Heating,None,https://airbnb.com/rooms/42004612?previous_page_section_name=1000&federated_search_id=264e03a5-c07b-4873-9713-5721028a5350
15, 3 Bed 2 Bath w  Free Parking near Kendall Square,Entire serviced apartment, Cambridge,83,8  , 3  , 4  , 2 baths,Free parking , Wifi , Kitchen , Heating,https://airbnb.com/rooms/33325791?previous_page_section_name=1000&federated_search_id=264e03a5-c07b-4873-9713-5721028a5350
16, Shelly's Swan Room,Private room, East Boston,52,3  , 1  , 3  , 1 shared bath,Wifi , Kitchen , Heating,None,https://airbnb.com/rooms/26828892?previous_page_section_name=1000&federated_search_id=264e03a5-c07b-4873-9713-5721028a5350
17, 10m wlk to Harvard train Porter Sq ,Private room, Somerville,45,1  , 1  , 1  , 2 shared baths,Wifi , Kitchen , Heating,None,https://airbnb.com/rooms/11850567?previous_page_section_name=1000&federated_search_id=264e03a5-c07b-4873-9713-5721028a5350
18, Newly Renovated Boston College Studio,Entire guest suite, Allston-Brighton,53,2  , Studio , 1  , 1 bath,Free parking , Wifi , Heating,None,https://airbnb.com/rooms/22886713?previous_page_section_name=1000&federated_search_id=264e03a5-c07b-4873-9713-5721028a5350
19, SUPERIOR ROOM,Hotel room, Back Bay,117,2  , 1  , 1  , 1 bath,Wifi , Heating,None,None,https://airbnb.com/rooms/43715032?previous_page_section_name=1000&federated_search_id=264e03a5-c07b-4873-9713-5721028a5350
0, Comfy Beacon Hill Studio Great for Work Travel #13,Entire apartment, Beacon Hill,81,2  , 1  , 1  , 1 bath,Wifi , Kitchen , Washer , Dryer,https://airbnb.com/rooms/4461613?previous_page_section_name=1000&federated_search_id=cff21fd0-4452-4e40-8f19-17e31df712ee
1, Luxury 2BR in Southend near SoWa   Evonify,Entire apartment, South End,65,6  , 2  , 2  , 1.5 baths,Wifi , Air conditioning , Kitchen , Pets allowed,https://airbnb.com/rooms/45438995?previous_page_section_name=1000&federated_search_id=cff21fd0-4452-4e40-8f19-17e31df712ee
2, Calming Kendall Square Studio w  Gym  near MIT by Blueground,Entire apartment, Cambridge,133,2  , Studio , 1  , 1 bath,Wifi , Air conditioning , Kitchen , Pets allowed,https://airbnb.com/rooms/30386484?previous_page_section_name=1000&federated_search_id=cff21fd0-4452-4e40-8f19-17e31df712ee
3, Luxury Two Bedroom in Kendall Square near MIT  Harvard,Entire apartment, Cambridge,140,5  , 2  , 2  , 2 baths,Wifi , Kitchen , Pets allowed , Gym,https://airbnb.com/rooms/45732378?previous_page_section_name=1000&federated_search_id=cff21fd0-4452-4e40-8f19-17e31df712ee
4, A place of your own   Studio in Boston,Entire serviced apartment, East Boston,159,1  , Studio , 1  , 1 bath,Wifi , Pool , Kitchen , Pets allowed,https://airbnb.com/rooms/45691604?previous_page_section_name=1000&federated_search_id=cff21fd0-4452-4e40-8f19-17e31df712ee
5, Beautiful 1BR with a View in Downtown   Evonify,Entire apartment, Downtown,70,5  , 1  , 2  , 1 bath,Wifi , Air conditioning , Kitchen , Pets allowed,https://airbnb.com/rooms/42966985?previous_page_section_name=1000&federated_search_id=cff21fd0-4452-4e40-8f19-17e31df712ee
6, Well equipped apartment home   Studio in Revere,Entire serviced apartment, Revere,108,1  , Studio , 1  , 1 bath,Wifi , Pool , Kitchen , Pets allowed,https://airbnb.com/rooms/43944078?previous_page_section_name=1000&federated_search_id=cff21fd0-4452-4e40-8f19-17e31df712ee
7, Spacious 1BR   Downtown Boston   Near Tufts & BCH,Entire apartment, Downtown,108,4  , 1  , 2  , 1 bath,Wifi , Air conditioning , Kitchen , Pets allowed,https://airbnb.com/rooms/23301918?previous_page_section_name=1000&federated_search_id=cff21fd0-4452-4e40-8f19-17e31df712ee
8, Private bedroom in South Boston nr Downtown 130 1C,Private room, South Boston,39,1  , 1  , 1  , 2 shared baths,Wifi , Air conditioning , Kitchen , Washer,https://airbnb.com/rooms/38164617?previous_page_section_name=1000&federated_search_id=cff21fd0-4452-4e40-8f19-17e31df712ee
9, Charming South End Brownstone  2bedroom with a patio,Entire apartment, South End,107,5  , 2  , 2  , 1 bath,Wifi , Air conditioning , Kitchen , Pets allowed,https://airbnb.com/rooms/5718921?previous_page_section_name=1000&federated_search_id=cff21fd0-4452-4e40-8f19-17e31df712ee
10, Cambridge Harvard   MIT Great Room 1,Private room, Cambridge,30,1,1,1,1,Wifi , Air conditioning , Kitchen , Washer,https://airbnb.com/rooms/42116124?previous_page_section_name=1000&federated_search_id=cff21fd0-4452-4e40-8f19-17e31df712ee
11, Cozy & Clean,Private room, Everett,45,2  , 1  , 1  , 1 shared bath,Wifi , Kitchen , Free parking , Washer,https://airbnb.com/rooms/44994653?previous_page_section_name=1000&federated_search_id=cff21fd0-4452-4e40-8f19-17e31df712ee
12, Live   Work   Stay   Easy   2BR in Cambridge,Entire serviced apartment, Cambridge,183,5  , 2  , 2  , 2 baths,Wifi , Kitchen , Pets allowed , Gym,https://airbnb.com/rooms/47131483?previous_page_section_name=1000&federated_search_id=cff21fd0-4452-4e40-8f19-17e31df712ee
13, Master bedroom w  private entrance! Minutes from T,Private room, Malden,42,3  , 1  , 1  , 1 shared bath,Wifi , Air conditioning , Kitchen , Free parking,https://airbnb.com/rooms/38292213?previous_page_section_name=1000&federated_search_id=cff21fd0-4452-4e40-8f19-17e31df712ee
14, A place of your own   1BR in Boston,Entire serviced apartment, East Boston,169,3  , 1  , 1  , 1 bath,Wifi , Pool , Kitchen , Pets allowed,https://airbnb.com/rooms/47130895?previous_page_section_name=1000&federated_search_id=cff21fd0-4452-4e40-8f19-17e31df712ee
15, Clean apartment home   1BR in Boston,Entire serviced apartment, Jamaica Plain,166,3  , 1  , 1  , 1 bath,Wifi , Pool , Kitchen , Pets allowed,https://airbnb.com/rooms/46925214?previous_page_section_name=1000&federated_search_id=cff21fd0-4452-4e40-8f19-17e31df712ee
16, Modern & Luxurious  Best in the Boston Area,Entire apartment, Revere,95,6  , 2  , 4  , 1 bath,Wifi , Air conditioning , Kitchen , Free parking,https://airbnb.com/rooms/27405997?previous_page_section_name=1000&federated_search_id=cff21fd0-4452-4e40-8f19-17e31df712ee
17, 2 Bedroom with Luxury Amenities  Centralized Back Bay Location,Entire apartment, Back Bay,175,5  , 2  , 2  , 2 baths,Wifi , Kitchen , Pets allowed , Gym,https://airbnb.com/rooms/17042710?previous_page_section_name=1000&federated_search_id=cff21fd0-4452-4e40-8f19-17e31df712ee
18, Live   Work   Stay   Easy   1BR in Melrose,Entire serviced apartment, Malden,212,3  , 1  , 1  , 1 bath,Wifi , Kitchen , Pets allowed , Gym,https://airbnb.com/rooms/46749884?previous_page_section_name=1000&federated_search_id=cff21fd0-4452-4e40-8f19-17e31df712ee
19, Gorgeous 2BR in Downtown Boston   Evonify,Entire apartment, Downtown,83,6  , 2  , 2  , 1 bath,Wifi , Air conditioning , Kitchen , Pets allowed,https://airbnb.com/rooms/46579459?previous_page_section_name=1000&federated_search_id=cff21fd0-4452-4e40-8f19-17e31df712ee
0, 7 min to Downtown   5 min to Airport,Entire condominium, Chelsea,85,5  , 2  , 2  , 1 bath,Wifi , Air conditioning , Kitchen , Free parking,https://airbnb.com/rooms/40749895?previous_page_section_name=1000&federated_search_id=1b69854c-8a47-4f10-8888-7a10d1889540
1, Comfortable  Free Parking and Convenient to Subway,Private room, Somerville,46,2  , 1  , 1  , 1 shared bath,Wifi , Air conditioning , Kitchen , Washer,https://airbnb.com/rooms/24605964?previous_page_section_name=1000&federated_search_id=1b69854c-8a47-4f10-8888-7a10d1889540
2, Boston guest suite,Entire guest suite, Allston-Brighton,75,3  , 1  , 3  , 1 bath,Wifi , Air conditioning , Free parking , Self check-in,https://airbnb.com/rooms/27992316?previous_page_section_name=1000&federated_search_id=1b69854c-8a47-4f10-8888-7a10d1889540
3, Private cozy room next to assembly sq,Private room, Somerville,45,1,1,1,1,Wifi , Air conditioning , Kitchen,None,https://airbnb.com/rooms/43687266?previous_page_section_name=1000&federated_search_id=1b69854c-8a47-4f10-8888-7a10d1889540
4, A Stylish Stay w  a Queen Bed  Heated Floors   #22,Entire loft, Coolidge Corner,69,2  , 1  , 1  , 1 bath,Wifi , Air conditioning , Kitchen , Elevator,https://airbnb.com/rooms/17652844?previous_page_section_name=1000&federated_search_id=1b69854c-8a47-4f10-8888-7a10d1889540
5, Sunny studio right next to Boston University205,Entire apartment, Brookline,81,4  , 1  , 2  , 1 bath,Wifi , Air conditioning , Kitchen , Elevator,https://airbnb.com/rooms/38129654?previous_page_section_name=1000&federated_search_id=1b69854c-8a47-4f10-8888-7a10d1889540
6, 144 Bowdoin St 64 · Clean Studio Apt  Near MGH  Low Density Area,Entire apartment, Beacon Hill,84,2  , Studio , 1  , 1 bath,Wifi , Air conditioning , Kitchen , Washer,https://airbnb.com/rooms/17333246?previous_page_section_name=1000&federated_search_id=1b69854c-8a47-4f10-8888-7a10d1889540
7, Centrally located Studio in Boston  #35,Entire apartment, South End,65,2  , 1  , 1  , 1 bath,Wifi , Kitchen , Washer , Dryer,https://airbnb.com/rooms/7916575?previous_page_section_name=1000&federated_search_id=1b69854c-8a47-4f10-8888-7a10d1889540
8, Homey Apt   Min from Boston & major Universities,Entire apartment, Somerville,89,2  , 1  , 1  , 1 bath,Wifi , Air conditioning , Kitchen , Free parking,https://airbnb.com/rooms/33250781?previous_page_section_name=1000&federated_search_id=1b69854c-8a47-4f10-8888-7a10d1889540
9, 501 Near T and Area Hospitals,Entire apartment, Downtown,67,4  , 1  , 1  , 1 bath,Wifi , Air conditioning , Kitchen , Elevator,https://airbnb.com/rooms/32330630?previous_page_section_name=1000&federated_search_id=1b69854c-8a47-4f10-8888-7a10d1889540
10, Luxury 1 Bedroom in Central Square  Steps to from MIT,Entire apartment, Cambridge,80,3  , 1  , 1  , 1 bath,Wifi , Kitchen , Pets allowed , Gym,https://airbnb.com/rooms/18791077?previous_page_section_name=1000&federated_search_id=1b69854c-8a47-4f10-8888-7a10d1889540
11, Keyless Entry   Fastest Wifi   Pet Friendly Loft,Entire apartment, Financial District,113,4  , 1  , 1  , 1 bath,Wifi , Air conditioning , Kitchen , Elevator,https://airbnb.com/rooms/36771929?previous_page_section_name=1000&federated_search_id=1b69854c-8a47-4f10-8888-7a10d1889540
12, 406 Last Minute Monthly Discounts! Stay Today!,Entire apartment, Downtown,71,2  , 1  , 2  , 1 bath,Wifi , Air conditioning , Kitchen , Elevator,https://airbnb.com/rooms/46984210?previous_page_section_name=1000&federated_search_id=1b69854c-8a47-4f10-8888-7a10d1889540
13, Sunny room with AC,Private room, Allston-Brighton,39,2  , 1  , 1  , 3 shared baths,Wifi , Air conditioning , Kitchen , Free parking,https://airbnb.com/rooms/17399127?previous_page_section_name=1000&federated_search_id=1b69854c-8a47-4f10-8888-7a10d1889540
14, Smart Apt charming location MIT near Charles River,Entire apartment, Cambridge,65,2  , 1  , 1  , 1 bath,Wifi , Air conditioning , Kitchen , Breakfast,https://airbnb.com/rooms/46872887?previous_page_section_name=1000&federated_search_id=1b69854c-8a47-4f10-8888-7a10d1889540
15, V3  10 Min Walk to Harvard  15 Min to T Subway,Private room, Somerville,49,2  , 1  , 0  , 2 shared baths,Wifi , Air conditioning , Kitchen , Self check-in,https://airbnb.com/rooms/42004612?previous_page_section_name=1000&federated_search_id=1b69854c-8a47-4f10-8888-7a10d1889540
16, 10m wlk to train  15m to Harvard!,Private room, Somerville,39,1  , 1  , 1  , 2 shared baths,Wifi , Kitchen , Washer , Dryer,https://airbnb.com/rooms/10682088?previous_page_section_name=1000&federated_search_id=1b69854c-8a47-4f10-8888-7a10d1889540
17, Professionally Managed 1 Bedroom in Historic West End,Entire apartment, West End,105,3  , 1  , 1  , 1 bath,Wifi , Kitchen , Pets allowed , Gym,https://airbnb.com/rooms/46601936?previous_page_section_name=1000&federated_search_id=1b69854c-8a47-4f10-8888-7a10d1889540
18, A Stylish Stay w  a Queen Bed  Heated Floors   #23,Entire loft, Coolidge Corner,79,2  , 1  , 1  , 1 bath,Wifi , Air conditioning , Kitchen , Elevator,https://airbnb.com/rooms/17653948?previous_page_section_name=1000&federated_search_id=1b69854c-8a47-4f10-8888-7a10d1889540
19, Karlie’s Place #3,Private room, Mattapan,41,2  , 1  , 1  , 1 shared bath,Wifi , Kitchen , Free parking , Self check-in,https://airbnb.com/rooms/30298415?previous_page_section_name=1000&federated_search_id=1b69854c-8a47-4f10-8888-7a10d1889540
